date, pm25, pm10, no2, co
2022/12/1, 134, 34, 27, 
2022/12/2, 82, 24, 23, 
2022/12/3, 76, 13, 20, 
2022/12/4, 53, 16, 22, 
2022/12/5, 50, 36, 39, 
2022/12/6, 74, 53, 41, 
2022/12/7, 114, 49, 25, 
2022/12/8, 114, 27, 25, 
2022/12/9, 76, 28, 21, 
2022/12/10, 78, 20, 33, 
2022/12/11, 59, 31, 29, 
2022/12/12, 78, 42, 27, 
2022/12/13, 102, 50, 35, 
2022/12/14, 119, 50, 33, 
2022/12/15, 112, 31, 27, 
2022/12/16, 85, 32, 28, 
2022/12/17, 78, 42, 23, 
2022/12/18, 99, 50, 22, 
2022/12/19, 114, 51, 25, 
2022/12/20, 122, 44, 30, 
2022/12/21, 97, 51, 29, 
2022/12/22, 122, 62, 28, 
2022/12/23, 95, 59, 26, 
2022/12/24, 144, 50, 21, 
2022/12/25, 134, 47, 19, 
2022/12/26, 102, 48, 38, 
2022/12/27, 109, 51, 25, 
2022/12/28, 127, , , 
2022/11/1, 65, 40, 23, 
2022/11/2, 80, 39, 17, 
2022/11/3, 87, 10, 31, 
2022/11/4, 34, 22, 28, 
2022/11/5, 59, , 27, 
2022/11/8, 95, 39, 27, 
2022/11/9, 93, 36, 28, 
2022/11/10, 89, 44, 35, 
2022/11/11, 107, 37, 21, 
2022/11/12, 91, 23, 26, 
2022/11/13, 68, 24, 24, 
2022/11/14, 70, 22, 24, 
2022/11/15, 65, 20, 20, 
2022/11/16, 42, 41, 27, 
2022/11/17, 97, 30, 31, 
2022/11/18, 72, 36, 29, 
2022/11/19, 85, 23, 36, 
2022/11/20, 63, 46, 43, 
2022/11/21, 104, 18, 27, 
2022/11/22, 55, 33, 43, 
2022/11/23, 80, 41, 34, 
2022/11/24, 82, 50, 29, 
2022/11/25, 109, 54, 39, 
2022/11/26, 139, 30, 40, 
2022/11/27, 78, 37, 27, 
2022/11/28, 87, 38, 27, 
2022/11/29, 91, 53, 33, 
2022/11/30, 129, 54, 34, 
2022/10/1, 46, 20, 16, 
2022/10/2, 53, 28, 21, 
2022/10/3, 53, 35, 26, 
2022/10/4, 76, 42, 32, 
2022/10/5, 93, 54, 33, 
2022/10/6, 114, 49, 43, 
2022/10/7, 65, 44, 35, 
2022/10/8, 93, 36, 16, 
2022/10/9, 55, 29, 21, 
2022/10/10, 63, 34, 28, 
2022/10/11, 72, 36, 32, 
2022/10/12, 76, 53, 32, 
2022/10/13, 124, 58, 32, 
2022/10/14, 137, 59, 32, 
2022/10/15, 142, 59, 31, 
2022/10/16, 147, 58, 29, 
2022/10/17, 134, 52, 31, 
2022/10/18, 102, 54, 38, 
2022/10/19, 114, 50, 28, 
2022/10/20, 102, 39, 25, 
2022/10/21, 74, 33, 24, 
2022/10/22, 61, 24, 17, 
2022/10/23, 42, 41, 22, 
2022/10/24, 65, 35, 27, 
2022/10/25, 57, 46, 31, 
2022/10/26, 70, 53, 34, 
2022/10/27, 82, 55, 33, 
2022/10/28, 95, 43, 33, 
2022/10/29, 74, 40, 29, 
2022/10/30, 76, 41, 35, 
2022/10/31, 72, 30, 30, 
2022/9/1, 38, 20, 14, 
2022/9/2, 30, 19, 17, 
2022/9/3, 46, 20, 11, 
2022/9/4, 53, 25, 11, 
2022/9/5, 55, 27, 21, 
2022/9/6, 55, 32, 22, 
2022/9/7, 65, 24, 17, 
2022/9/8, 53, 18, 16, 
2022/9/9, 34, 11, 17, 
2022/9/10, 30, 15, 19, 
2022/9/11, 34, 20, 26, 
2022/9/12, 42, 28, 28, 
2022/9/13, 34, 22, 22, 
2022/9/14, 42, 25, 20, 
2022/9/15, 38, 26, 20, 
2022/9/16, 53, 14, 12, 
2022/9/17, 34, 10, 15, 
2022/9/18, 21, 13, 26, 
2022/9/19, 25, 19, 20, 
2022/9/20, 42, 18, 15, 
2022/9/21, 38, 21, 26, 
2022/9/22, 42, 27, 22, 
2022/9/23, 61, 27, 17, 
2022/9/24, 63, 23, 12, 
2022/9/25, 65, 16, 26, 
2022/9/26, 50, 20, 22, 
2022/9/27, 53, 26, 22, 
2022/9/28, 55, 26, 19, 
2022/9/29, 59, 11, 20, 
2022/9/30, 34, 16, 19, 
2022/8/3, 80, , 26, 
2022/8/6, 50, 10, 13, 
2022/8/7, 25, 12, 6, 
2022/8/8, 38, 38, 19, 
2022/8/9, 99, 19, 17, 
2022/8/10, 53, 20, 15, 
2022/8/11, 55, 20, 13, 
2022/8/12, 57, 11, 13, 
2022/8/13, 17, , 11, 
2022/8/17, 61, 22, 11, 
2022/8/18, 42, 6, 8, 
2022/8/19, 21, 9, 12, 
2022/8/20, 21, 8, 13, 
2022/8/21, 17, 13, 16, 
2022/8/22, 46, 17, 17, 
2022/8/23, 50, 15, 18, 
2022/8/24, 42, 19, 20, 
2022/8/25, 50, 21, 20, 
2022/8/26, 57, 12, 22, 
2022/8/27, 42, 13, 13, 
2022/8/28, 42, 13, 7, 
2022/8/29, 38, 1, 22, 
2022/8/30, 5, 12, 14, 
2022/8/31, 38, 17, 17, 
2022/7/1, 55, 24, 15, 
2022/7/2, 57, 27, 17, 
2022/7/3, 63, 29, 25, 
2022/7/4, 63, 21, 19, 
2022/7/5, 55, 20, 13, 
2022/7/6, 55, 21, 18, 
2022/7/7, 59, 21, 14, 
2022/7/8, 50, 19, 15, 
2022/7/9, 50, 17, 11, 
2022/7/10, 50, 22, 24, 
2022/7/11, 53, 22, 14, 
2022/7/12, 53, 22, 14, 
2022/7/13, 55, 33, 24, 
2022/7/14, 72, 29, 19, 
2022/7/15, 63, 24, 12, 
2022/7/16, 59, 26, 10, 
2022/7/17, 59, 30, 17, 
2022/7/18, 63, , 26, 
2022/7/26, 400, , 18, 
2022/7/27, 568, 20, 24, 
2022/7/28, 53, , 21, 
2022/6/1, 74, 25, 23, 
2022/6/2, 61, 33, 16, 
2022/6/3, 70, 24, 20, 
2022/6/4, 50, 32, 17, 
2022/6/5, 70, 22, 24, 
2022/6/6, 46, 19, 17, 
2022/6/7, 50, 14, 21, 
2022/6/8, 38, 10, 20, 
2022/6/9, 21, 11, 38, 
2022/6/10, 25, 18, 38, 
2022/6/11, 42, 20, 21, 
2022/6/12, 63, 28, 31, 
2022/6/13, 68, 29, 21, 
2022/6/14, 70, 31, 24, 
2022/6/15, 68, 36, 26, 
2022/6/16, 76, 38, 22, 
2022/6/17, 78, 26, 13, 
2022/6/18, 65, 25, 12, 
2022/6/19, 63, 27, 19, 
2022/6/20, 59, 26, 11, 
2022/6/21, 38, 33, 22, 
2022/6/22, 74, 40, 19, 
2022/6/23, 72, 26, 13, 
2022/6/24, 50, 17, 11, 
2022/6/25, 42, 21, 12, 
2022/6/26, 53, 36, 16, 
2022/6/27, 63, 40, 26, 
2022/6/28, 68, 24, 14, 
2022/6/29, 65, 28, 10, 
2022/6/30, 57, 25, 21, 
2022/5/3, 59, 26, 29, 
2022/5/4, 61, 30, 32, 
2022/5/5, 91, 14, 26, 
2022/5/6, 53, 27, 24, 
2022/5/7, 70, 18, 18, 
2022/5/8, 42, 30, 17, 
2022/5/9, 63, 32, 36, 
2022/5/10, 53, 25, 33, 
2022/5/11, 42, 24, 37, 
2022/5/12, 42, 27, 17, 
2022/5/13, 30, 25, 13, 
2022/5/14, 61, 27, 15, 
2022/5/15, 63, 22, 14, 
2022/5/16, 50, 30, 17, 
2022/5/17, 63, , 23, 
2022/5/20, 70, 29, 22, 
2022/5/21, 61, 25, 15, 
2022/5/22, 63, 23, 10, 
2022/5/23, 57, 29, 11, 
2022/5/24, 59, 25, 23, 
2022/5/25, 57, 37, 21, 
2022/5/26, 78, 37, 22, 
2022/5/27, 70, 40, 23, 
2022/5/28, 78, 12, 17, 
2022/5/29, 30, 14, 9, 
2022/5/30, 42, 30, 17, 
2022/5/31, 70, 31, 25, 
2022/4/1, 63, 17, 23, 
2022/4/2, 42, 17, 26, 
2022/4/3, 57, 25, 28, 
2022/4/4, 68, 40, 51, 
2022/4/5, 95, 49, 27, 
2022/4/6, 109, 29, 28, 
2022/4/7, 65, 34, 37, 
2022/4/8, 68, , 26, 
2022/4/10, 70, , 20, 
2022/4/12, 61, 39, 33, 
2022/4/13, 85, 47, 46, 
2022/4/14, 91, 50, 43, 
2022/4/15, 95, 31, 32, 
2022/4/16, 70, 14, 7, 
2022/4/17, 38, 16, 11, 
2022/4/18, 46, 29, 27, 
2022/4/19, 70, 30, 23, 
2022/4/20, 70, 26, 24, 
2022/4/21, 68, 31, 20, 
2022/4/22, 72, 37, 15, 
2022/4/23, 93, 14, 18, 
2022/4/24, 46, 17, 14, 
2022/4/25, 46, 30, 28, 
2022/4/26, 78, , 29, 
2022/4/28, 42, 20, 27, 
2022/4/29, 50, 49, 27, 
2022/3/1, 68, 45, 43, 
2022/3/2, 95, 40, 43, 
2022/3/3, 85, 52, 36, 
2022/3/4, 127, 33, 20, 
2022/3/5, 80, 27, 22, 
2022/3/6, 70, 43, 38, 
2022/3/7, 95, 38, 41, 
2022/3/8, 89, 55, 56, 
2022/3/9, 129, 63, 59, 
2022/3/10, 139, 44, 44, 
2022/3/11, 95, 33, 20, 
2022/3/12, 72, 29, 20, 
2022/3/13, 72, 45, 33, 
2022/3/14, 104, 64, 38, 
2022/3/15, 154, 44, 30, 
2022/3/16, 95, 62, 25, 
2022/3/17, 152, 53, 31, 
2022/3/18, 109, 34, 26, 
2022/3/19, 80, 33, 34, 
2022/3/20, 85, 38, 36, 
2022/3/21, 87, 51, 53, 
2022/3/22, 109, 56, 60, 
2022/3/23, 119, 59, 71, 
2022/3/24, 124, 49, 59, 
2022/3/25, 99, 51, 53, 
2022/3/26, 112, 58, 56, 
2022/3/27, 142, 57, 58, 
2022/3/28, 80, 57, 34, 
2022/3/29, 144, 54, 22, 
2022/3/30, 119, 43, 29, 
2022/3/31, 89, 22, 28, 
2022/2/1, 55, 40, 41, 
2022/2/2, 82, 42, 38, 
2022/2/3, 87, 53, 28, 
2022/2/4, 102, 55, 32, 
2022/2/5, 151, 56, 27, 
2022/2/6, 158, 56, 33, 
2022/2/7, 151, 51, 54, 
2022/2/8, 109, 49, 47, 
2022/2/9, 89, 57, 49, 
2022/2/10, 104, 51, 43, 
2022/2/11, 93, 32, 39, 
2022/2/12, 76, 28, 39, 
2022/2/13, 72, 50, 36, 
2022/2/14, 107, 43, 27, 
2022/2/15, 114, 63, 47, 
2022/2/16, 117, 46, 50, 
2022/2/17, 95, 61, 33, 
2022/2/18, 152, , 26, 
2022/2/20, 114, 33, 38, 
2022/2/21, 74, 22, 36, 
2022/2/22, 42, 39, 37, 
2022/2/23, 74, 46, 37, 
2022/2/24, 99, 42, 38, 
2022/2/25, 87, 19, 33, 
2022/2/26, 50, 20, 37, 
2022/2/27, 50, 39, 47, 
2022/2/28, 87, 29, 36, 
2022/1/3, 99, 43, 27, 
2022/1/4, 112, 29, 28, 
2022/1/5, 78, 19, 28, 
2022/1/6, 50, 26, 31, 
2022/1/7, 63, 49, 36, 
2022/1/8, 112, 53, 28, 
2022/1/9, 144, 64, 41, 
2022/1/10, 154, 73, 69, 
2022/1/11, 153, 55, 53, 
2022/1/12, 107, 76, 72, 
2022/1/13, 155, 61, 46, 
2022/1/14, 137, 62, 56, 
2022/1/15, 144, 57, 46, 
2022/1/16, 139, 64, 47, 
2022/1/17, 142, 63, 41, 
2022/1/18, 154, 64, 44, 
2022/1/19, 154, 67, 35, 
2022/1/20, 158, 58, 35, 
2022/1/21, 142, 55, 34, 
2022/1/22, 139, 62, 30, 
2022/1/23, 153, 67, 44, 
2022/1/24, 152, 59, 37, 
2022/1/25, 153, 62, 34, 
2022/1/26, 149, 53, 41, 
2022/1/27, 127, 59, 50, 
2022/1/28, 137, 60, 43, 
2022/1/29, 147, 45, 40, 
2022/1/30, 97, 59, 38, 
2022/1/31, 144, 21, 33, 
2021/10/1, 38, 31, 21, 
2021/10/2, 61, 19, 17, 
2021/10/3, 57, 17, 27, 
2021/10/4, 57, 13, 21, 
2021/10/5, 25, 11, 27, 
2021/10/6, 25, 22, 25, 
2021/10/7, 50, 25, 28, 
2021/10/8, 53, 21, 27, 
2021/10/9, 38, 30, 21, 
2021/10/10, 55, 46, 37, 
2021/10/11, 82, 40, 31, 
2021/10/12, 87, 44, 27, 
2021/10/13, 95, , , 
2021/10/16, 129, 47, 40, 
2021/10/17, 109, , 46, 
2021/10/22, 89, 48, 27, 
2021/10/23, 91, 24, 27, 
2021/10/24, 65, 29, 31, 
2021/10/25, 68, 52, 37, 
2021/10/26, 112, 53, 40, 
2021/10/27, 114, 55, 42, 
2021/10/28, 122, 56, 40, 
2021/10/29, 129, 53, 30, 
2021/10/30, 127, 29, 23, 
2021/10/31, 72, 29, 23, 
2021/11/1, 61, 33, 38, 
2021/11/2, 80, 18, 26, 
2021/11/3, 46, 24, 32, 
2021/11/4, 59, 28, 35, 
2021/11/5, 63, 30, 35, 
2021/11/6, 61, 27, 32, 
2021/11/7, 72, 37, 32, 
2021/11/8, 89, 33, 30, 
2021/11/9, 76, 41, 30, 
2021/11/10, 82, 61, 33, 
2021/11/11, 119, 58, 29, 
2021/11/12, 114, 45, 27, 
2021/11/13, 97, 11, 23, 
2021/11/14, 42, 19, 29, 
2021/11/15, 53, 32, 38, 
2021/11/16, 80, 40, 24, 
2021/11/17, 91, 42, 31, 
2021/11/18, 91, 36, 22, 
2021/11/19, 76, 30, 22, 
2021/11/20, 74, 25, 23, 
2021/11/21, 72, 23, 24, 
2021/11/22, 59, 23, 30, 
2021/11/23, 63, 30, 29, 
2021/11/24, 70, 30, 25, 
2021/11/25, 82, 35, 29, 
2021/11/26, 80, 34, 23, 
2021/11/27, 85, 11, 34, 
2021/11/28, 34, 16, 30, 
2021/11/29, 34, 20, 38, 
2021/11/30, 46, 35, 38, 
2021/12/1, 78, 50, 31, 
2021/12/2, 107, 54, 42, 
2021/12/3, 119, 46, 39, 
2021/12/4, 102, 51, 32, 
2021/12/5, 127, 55, 36, 
2021/12/6, 139, 56, 44, 
2021/12/7, 129, 34, 28, 
2021/12/8, 99, 35, 29, 
2021/12/9, 70, 24, 38, 
2021/12/10, 72, 45, 42, 
2021/12/11, 104, 55, 44, 
2021/12/12, 134, 89, 72, 
2021/12/13, 165, 69, 44, 
2021/12/14, 154, 65, 46, 
2021/12/15, 153, 72, 45, 
2021/12/16, 158, 59, 39, 
2021/12/17, 147, 54, 40, 
2021/12/18, 132, 54, 45, 
2021/12/19, 142, 47, 37, 
2021/12/20, 107, , 36, 
2021/12/24, 127, 49, 25, 
2021/12/25, 132, 51, 30, 
2021/12/26, 152, 53, 32, 
2021/12/27, 154, 50, 31, 
2021/12/28, 147, 42, 35, 
2021/12/29, 109, 48, 30, 
2021/12/30, 104, 46, 40, 
2021/12/31, 87, 73, 38, 
2022/1/1, 169, 61, 40, 
2022/1/2, 156, 39, 28, 
2021/7/1, 57, 28, 27, 
2021/7/2, 57, , 15, 
2021/7/5, 46, , 17, 
2021/7/7, 63, 13, 25, 
2021/7/8, 57, 17, 23, 
2021/7/9, 25, 15, 24, 
2021/7/10, 50, 11, 14, 
2021/7/11, 34, 26, 24, 
2021/7/12, 63, 25, 20, 
2021/7/13, 65, 20, 22, 
2021/7/14, 50, 22, 24, 
2021/7/15, 50, 21, 37, 
2021/7/16, 50, 20, 16, 
2021/7/17, 50, 22, 17, 
2021/7/18, 59, 29, 25, 
2021/7/19, 59, 32, 35, 
2021/7/20, 61, 31, 27, 
2021/7/21, 63, 35, 20, 
2021/7/22, 68, 27, 24, 
2021/7/23, 59, 33, 12, 
2021/7/24, 70, 24, 11, 
2021/7/25, 59, 20, 23, 
2021/7/26, 59, 28, 25, 
2021/7/27, 68, 30, 18, 
2021/7/28, 59, 32, 28, 
2021/7/29, 61, 33, 33, 
2021/7/30, 61, 21, 17, 
2021/7/31, 57, , 12, 
2021/8/2, 34, , 15, 
2021/8/4, 42, 16, 12, 
2021/8/5, 17, 23, 12, 
2021/8/6, 34, 20, 10, 
2021/8/7, 46, 16, 9, 
2021/8/8, 46, 23, 14, 
2021/8/9, 30, 29, 18, 
2021/8/10, 53, 36, 21, 
2021/8/11, 65, 34, 21, 
2021/8/12, 61, 34, 16, 
2021/8/13, 68, 31, 13, 
2021/8/14, 68, 42, 11, 
2021/8/15, 68, 48, 11, 
2021/8/16, 70, 13, 14, 
2021/8/17, 25, 15, 10, 
2021/8/18, 30, 16, 11, 
2021/8/19, 34, 21, 16, 
2021/8/20, 46, 21, 16, 
2021/8/21, 50, 22, 13, 
2021/8/22, 53, 20, 19, 
2021/8/23, 53, 20, 12, 
2021/8/24, 42, 18, 16, 
2021/8/25, 38, 27, 19, 
2021/8/26, 55, 19, 11, 
2021/8/27, 25, 13, 10, 
2021/8/28, 38, 13, 15, 
2021/8/29, 34, 25, 16, 
2021/8/30, 42, 21, 15, 
2021/8/31, 46, 28, 25, 
2021/9/1, 53, 27, 25, 
2021/9/2, 50, 27, 24, 
2021/9/3, 55, 30, 19, 
2021/9/4, 38, 23, 13, 
2021/9/5, 55, 23, 27, 
2021/9/6, 55, 36, 30, 
2021/9/7, 63, 31, 24, 
2021/9/8, 59, 37, 31, 
2021/9/9, 70, 43, 34, 
2021/9/10, 80, 40, 26, 
2021/9/11, 82, 35, 32, 
2021/9/12, 72, 44, 27, 
2021/9/13, 72, 38, 27, 
2021/9/14, 65, , 27, 
2021/9/16, 57, 31, 20, 
2021/9/17, 72, 29, 14, 
2021/9/18, 70, 13, 11, 
2021/9/19, 42, 10, 27, 
2021/9/20, 25, 19, 32, 
2021/9/21, 25, 29, 22, 
2021/9/22, 68, 29, 33, 
2021/9/23, 59, 44, 50, 
2021/9/24, 78, 48, 45, 
2021/9/25, 97, 28, 23, 
2021/9/26, 70, , 24, 
2021/9/28, 78, 15, 29, 
2021/9/29, 30, 26, 27, 
2021/9/30, 53, 21, 29, 
2021/4/1, 109, , 36, 
2021/4/7, 46, 22, 38, 
2021/4/8, 53, 27, 43, 
2021/4/9, 59, 24, 26, 
2021/4/10, 59, 15, 16, 
2021/4/11, 53, 17, 30, 
2021/4/12, 55, 17, 33, 
2021/4/13, 53, 17, 36, 
2021/4/14, 59, 17, 25, 
2021/4/15, 55, 22, 45, 
2021/4/16, 63, 30, 34, 
2021/4/17, 78, 24, 16, 
2021/4/18, 72, 33, 34, 
2021/4/19, 87, 38, 43, 
2021/4/20, 87, , 31, 
2021/4/22, 93, 36, 32, 
2021/4/23, 85, 30, 31, 
2021/4/24, 74, 24, 24, 
2021/4/25, 61, 30, 24, 
2021/4/26, 74, 27, 23, 
2021/4/27, 68, 30, 25, 
2021/4/28, 85, 41, 28, 
2021/4/29, 93, 14, 24, 
2021/4/30, 63, 12, 17, 
2021/5/1, 50, 9, 16, 
2021/5/2, 38, , 18, 
2021/5/6, 53, 19, , 
2021/5/7, 21, 13, , 
2021/5/8, 38, 20, , 
2021/5/9, 50, 34, , 
2021/5/10, 72, 20, , 
2021/5/11, 57, 22, , 
2021/5/12, 50, 14, , 
2021/5/13, 13, 16, , 
2021/5/14, 34, 16, , 
2021/5/15, 50, 16, , 
2021/5/16, 59, 13, , 
2021/5/17, 42, 23, , 
2021/5/18, 57, 18, , 
2021/5/19, 55, 18, 26, 
2021/5/20, 50, 21, 33, 
2021/5/21, 57, 20, 24, 
2021/5/22, 61, 21, 21, 
2021/5/23, 61, 16, 27, 
2021/5/24, 53, 33, 24, 
2021/5/25, 70, , 25, 
2021/5/29, 61, 7, 16, 
2021/5/30, 17, 19, 24, 
2021/5/31, 34, 35, 34, 
2021/6/1, 80, 24, 18, 
2021/6/2, 63, 36, 27, 
2021/6/3, 70, 36, 35, 
2021/6/4, 68, 22, 17, 
2021/6/5, 59, 18, 10, 
2021/6/6, 57, 30, 21, 
2021/6/7, 74, 32, 23, 
2021/6/8, 61, 34, 25, 
2021/6/9, 68, 26, 27, 
2021/6/10, 42, 34, 23, 
2021/6/11, 74, 27, 22, 
2021/6/12, 68, 17, 17, 
2021/6/13, 53, 30, 31, 
2021/6/14, 65, 24, 21, 
2021/6/15, 57, 39, 27, 
2021/6/16, 78, 43, 27, 
2021/6/17, 80, 33, 29, 
2021/6/18, 57, 25, 15, 
2021/6/19, 55, 33, 15, 
2021/6/20, 65, 55, 18, 
2021/6/21, 72, 30, 16, 
2021/6/22, 55, 27, 18, 
2021/6/23, 59, 25, 31, 
2021/6/24, 55, 20, 25, 
2021/6/25, 50, 21, 16, 
2021/6/26, 53, 23, 18, 
2021/6/27, 50, 30, 31, 
2021/6/28, 65, 35, 22, 
2021/6/29, 68, 34, 20, 
2021/6/30, 65, 34, 21, 
2021/1/4, 59, 21, 26, 
2021/1/5, 70, 12, 24, 
2021/1/6, 59, 32, 30, 
2021/1/7, 91, 35, 33, 
2021/1/8, 97, 37, 35, 
2021/1/9, 91, 31, 34, 
2021/1/10, 85, 41, 34, 
2021/1/11, 102, , 36, 
2021/1/15, 70, 43, 34, 
2021/1/16, 102, 56, 29, 
2021/1/17, 153, 75, 36, 
2021/1/18, 162, 79, 45, 
2021/1/19, 170, , 28, 
2021/1/23, 57, 31, 32, 
2021/1/24, 85, 26, 38, 
2021/1/25, 70, 19, 36, 
2021/1/26, 57, 30, 39, 
2021/1/27, 76, 41, 36, 
2021/1/28, 93, 55, 33, 
2021/1/29, 142, 42, 34, 
2021/1/30, 109, 36, 28, 
2021/1/31, 99, 27, 27, 
2021/2/1, 76, 56, 29, 
2021/2/2, 127, 40, 27, 
2021/2/3, 107, 40, 26, 
2021/2/4, 109, 46, 28, 
2021/2/5, 104, 50, 24, 
2021/2/6, 134, 18, 20, 
2021/2/7, 65, 23, 35, 
2021/2/8, 74, 23, 31, 
2021/2/9, 87, 18, 30, 
2021/2/10, 57, 21, 28, 
2021/2/11, 68, 20, 18, 
2021/2/12, 55, 18, 21, 
2021/2/13, 57, 31, 27, 
2021/2/14, 89, 37, 36, 
2021/2/15, 87, 40, 41, 
2021/2/16, 89, 41, 36, 
2021/2/17, 99, 73, 28, 
2021/2/18, 168, 63, 29, 
2021/2/19, 161, 67, 27, 
2021/2/20, 158, 61, 20, 
2021/2/21, 124, 61, 30, 
2021/2/22, 154, 64, 41, 
2021/2/23, 154, 79, 44, 
2021/2/24, 155, 85, 62, 
2021/2/25, 152, 86, 44, 
2021/2/26, 151, 69, 34, 
2021/2/27, 122, 18, 22, 
2021/2/28, 46, , 32, 
2021/3/3, 152, 53, 34, 
2021/3/4, 117, 53, 35, 
2021/3/5, 99, , 15, 
2021/3/10, 102, 54, 36, 
2021/3/11, 129, 56, 34, 
2021/3/12, 129, 59, 27, 
2021/3/13, 149, 20, 24, 
2021/3/14, 63, 14, 33, 
2021/3/15, 42, 11, 33, 
2021/3/16, 30, 15, 43, 
2021/3/17, 38, 18, 24, 
2021/3/18, 57, 23, 25, 
2021/3/19, 61, 28, 32, 
2021/3/20, 76, 18, 19, 
2021/3/21, 53, 33, 44, 
2021/3/22, 80, 24, 36, 
2021/3/23, 63, 50, 49, 
2021/3/24, 95, 46, 47, 
2021/3/25, 99, 41, 37, 
2021/3/26, 97, 33, 28, 
2021/3/27, 74, 30, 25, 
2021/3/28, 76, 44, 36, 
2021/3/29, 95, 60, 46, 
2021/3/30, 149, 63, 48, 
2021/3/31, 152, 54, 46, 
2020/10/1, 63, 21, 19, 
2020/10/2, 57, 11, 20, 
2020/10/3, 21, 10, 17, 
2020/10/4, 17, 16, 26, 
2020/10/5, 46, 28, 26, 
2020/10/6, 63, 23, 35, 
2020/10/7, 57, 30, 40, 
2020/10/8, 63, 34, 34, 
2020/10/9, 74, 36, 39, 
2020/10/10, 82, 10, 12, 
2020/10/11, 21, 18, 30, 
2020/10/12, 59, 31, 31, 
2020/10/13, 72, 28, 30, 
2020/10/14, 70, 23, 27, 
2020/10/15, 68, 21, 27, 
2020/10/16, 76, 30, 28, 
2020/10/17, 85, 39, 31, 
2020/10/18, 107, 51, 34, 
2020/10/19, 99, 50, 32, 
2020/10/20, 13, 51, 32, 
2020/10/21, 76, 37, 26, 
2020/10/22, 85, 48, 24, 
2020/10/23, 122, 47, 22, 
2020/10/24, 127, 45, 23, 
2020/10/25, 109, 14, 22, 
2020/10/26, 55, 15, 27, 
2020/10/27, 46, 31, 33, 
2020/10/28, 85, 37, 35, 
2020/10/29, 89, 40, 42, 
2020/10/30, 112, 59, 29, 
2020/10/31, 153, 38, 22, 
2020/11/1, 99, 40, 28, 
2020/11/2, 104, 49, 24, 
2020/11/3, 122, 56, 22, 
2020/11/4, 132, 54, 33, 
2020/11/5, 127, 52, 27, 
2020/11/6, 117, 51, 24, 
2020/11/7, 127, 40, 27, 
2020/11/8, 102, 51, 30, 
2020/11/9, 124, 58, 33, 
2020/11/10, 152, 57, 26, 
2020/11/11, 147, 62, 32, 
2020/11/12, 154, 66, 27, 
2020/11/13, 155, 59, 24, 
2020/11/14, 158, 59, 17, 
2020/11/15, 155, 53, 24, 
2020/11/16, 127, 53, 29, 
2020/11/17, 122, 40, 27, 
2020/11/18, 107, 53, 38, 
2020/11/19, 87, 30, 33, 
2020/11/20, 76, 20, 29, 
2020/11/21, 63, 29, 27, 
2020/11/22, 80, 50, 38, 
2020/11/23, 117, 60, 44, 
2020/11/24, 152, 69, 49, 
2020/11/25, 153, 73, 45, 
2020/11/26, 162, 76, 41, 
2020/11/27, 165, 66, 34, 
2020/11/28, 161, 57, 27, 
2020/11/29, 152, 46, 31, 
2020/11/30, 119, 38, 25, 
2020/12/1, 95, 20, 27, 
2020/12/2, 61, 32, 28, 
2020/12/3, 87, 19, 23, 
2020/12/4, 63, 13, 22, 
2020/12/5, 63, 23, 22, 
2020/12/6, 72, 24, 27, 
2020/12/7, 76, 13, 27, 
2020/12/8, 55, 18, 30, 
2020/12/9, 61, 29, 34, 
2020/12/10, 78, 47, 34, 
2020/12/11, 109, 47, 28, 
2020/12/12, 122, 49, 32, 
2020/12/13, 127, 59, 45, 
2020/12/14, 154, 63, 41, 
2020/12/15, 154, 52, 29, 
2020/12/16, 129, 55, 32, 
2020/12/17, 137, 66, 29, 
2020/12/18, 157, 61, 31, 
2020/12/19, 117, 33, 22, 
2020/12/20, 95, 47, 24, 
2020/12/21, 117, 51, 26, 
2020/12/22, 124, 51, 27, 
2020/12/23, 119, 22, 21, 
2020/12/24, 63, 11, 18, 
2020/12/25, 50, 11, 25, 
2020/12/26, 50, 34, 20, 
2020/12/27, 97, 23, 25, 
2020/12/28, 72, 40, 28, 
2020/12/29, 112, 50, 33, 
2020/12/30, 129, 50, 38, 
2020/12/31, 139, 45, 31, 
2021/1/1, 124, , , 
2020/7/1, 53, 17, 23, 
2020/7/2, 46, 14, 23, 
2020/7/3, 34, 11, 17, 
2020/7/4, 25, 16, 26, 
2020/7/5, 42, 28, 30, 
2020/7/6, 70, 15, 17, 
2020/7/7, 34, 19, 24, 
2020/7/8, 46, 30, 32, 
2020/7/9, 65, 33, 36, 
2020/7/10, 70, 18, 58, 
2020/7/11, 42, 10, 11, 
2020/7/12, 25, 13, 29, 
2020/7/13, 30, 19, 31, 
2020/7/14, 50, 29, 46, 
2020/7/15, 63, 26, 25, 
2020/7/16, 59, 22, 21, 
2020/7/17, 59, 10, 14, 
2020/7/18, 25, 12, 20, 
2020/7/19, 30, 26, 21, 
2020/7/20, 53, 26, 21, 
2020/7/21, 57, 28, 26, 
2020/7/22, 57, 26, 25, 
2020/7/23, 59, 15, 26, 
2020/7/24, 38, 16, 22, 
2020/7/25, 42, 15, 15, 
2020/7/26, 38, 23, 24, 
2020/7/27, 55, 32, , 
2020/7/28, 72, 30, 34, 
2020/7/29, 55, 32, 28, 
2020/7/30, 74, 30, 42, 
2020/7/31, 63, 28, 25, 
2020/8/1, 72, 18, 11, 
2020/8/2, 53, 6, 27, 
2020/8/3, 13, 7, 25, 
2020/8/4, 9, 11, 30, 
2020/8/5, 25, 16, 30, 
2020/8/6, 38, 25, 35, 
2020/8/7, 63, 24, 31, 
2020/8/8, 61, 25, 31, 
2020/8/9, 63, 30, 26, 
2020/8/10, 65, 24, 21, 
2020/8/11, 59, 29, 18, 
2020/8/12, 68, 25, 19, 
2020/8/13, 57, 20, 18, 
2020/8/14, 50, 14, 16, 
2020/8/15, 34, 14, 11, 
2020/8/16, 38, 23, 17, 
2020/8/17, 46, 22, 17, 
2020/8/18, 50, 20, 16, 
2020/8/19, 53, 25, 18, 
2020/8/20, 55, 28, 23, 
2020/8/21, 59, 19, 32, 
2020/8/22, 42, 11, 17, 
2020/8/23, 25, 12, 22, 
2020/8/24, 17, 19, 26, 
2020/8/25, 38, 29, 40, 
2020/8/26, 34, 30, 29, 
2020/8/27, 59, 28, 22, 
2020/8/28, 63, 15, 15, 
2020/8/29, 42, 10, 15, 
2020/8/30, 34, 13, 23, 
2020/8/31, 38, 18, 23, 
2020/9/1, 42, 12, 39, 
2020/9/2, 30, 20, 38, 
2020/9/3, 50, 28, 37, 
2020/9/4, 65, 28, 61, 
2020/9/5, 68, 13, 17, 
2020/9/6, 25, 10, 26, 
2020/9/7, 42, 15, 36, 
2020/9/8, 50, 36, 42, 
2020/9/9, 68, 34, 34, 
2020/9/10, 76, 35, 42, 
2020/9/11, 72, 27, 31, 
2020/9/12, 70, 33, 27, 
2020/9/13, 74, 30, 33, 
2020/9/14, 74, 42, 36, 
2020/9/15, 82, 57, 40, 
2020/9/16, 104, 38, 43, 
2020/9/17, 74, 33, 41, 
2020/9/18, 65, 30, 23, 
2020/9/19, 61, 39, 22, 
2020/9/20, 78, 43, 33, 
2020/9/21, 89, , 31, 
2020/9/23, 55, 17, 35, 
2020/9/24, 53, 16, 24, 
2020/9/25, 46, 13, 21, 
2020/9/26, 30, 11, 19, 
2020/9/27, 30, 24, 37, 
2020/9/28, 57, 29, 37, 
2020/9/29, 63, 31, 32, 
2020/9/30, 46, 30, 34, 
2020/4/1, 61, 30, 29, 
2020/4/2, 82, 38, 36, 
2020/4/3, 102, 43, 30, 
2020/4/4, 107, 28, 21, 
2020/4/5, 78, 21, 32, 
2020/4/6, 76, 37, 49, 
2020/4/7, 80, 35, 31, 
2020/4/8, 72, 30, 31, 
2020/4/9, 70, 33, 32, 
2020/4/10, 59, 24, 30, 
2020/4/11, 59, 12, 18, 
2020/4/12, 38, 18, 16, 
2020/4/13, 53, 20, 13, 
2020/4/14, 53, 19, 13, 
2020/4/15, 34, 31, 24, 
2020/4/16, 61, 13, 29, 
2020/4/17, 34, 22, 17, 
2020/4/18, 38, 20, 12, 
2020/4/19, 34, 18, 11, 
2020/4/20, 63, 22, 14, 
2020/4/21, 65, 14, 23, 
2020/4/22, 68, 31, 25, 
2020/4/23, 76, 32, 29, 
2020/4/24, 78, 18, 11, 
2020/4/25, 46, 13, 8, 
2020/4/26, 30, 13, 13, 
2020/4/27, 30, 13, 19, 
2020/4/28, 42, 9, 15, 
2020/4/29, 34, 16, 14, 
2020/4/30, 50, 17, 10, 
2020/5/1, 55, 10, 12, 
2020/5/2, 25, 10, 9, 
2020/5/3, 34, 12, 21, 
2020/5/4, 38, 18, 24, 
2020/5/5, 42, 20, 19, 
2020/5/6, 42, 20, 22, 
2020/5/7, 46, 27, 25, 
2020/5/8, 59, 16, 12, 
2020/5/9, 21, 17, 10, 
2020/5/10, 46, 10, 17, 
2020/5/11, 46, 14, 20, 
2020/5/12, 50, 17, 24, 
2020/5/13, 34, 25, 17, 
2020/5/14, 59, 11, 19, 
2020/5/15, 17, 19, 15, 
2020/5/16, 50, 17, 12, 
2020/5/17, 34, 23, 21, 
2020/5/18, 53, 19, 31, 
2020/5/19, 38, 20, 24, 
2020/5/20, 59, 20, 26, 
2020/5/21, 53, 28, 29, 
2020/5/22, 68, 18, 13, 
2020/5/23, 42, 10, 14, 
2020/5/24, 21, 12, 29, 
2020/5/25, 17, 16, 34, 
2020/5/26, 34, , 24, 
2020/5/29, 34, 27, 21, 
2020/5/30, 61, 16, 15, 
2020/5/31, 46, 19, 23, 
2020/6/1, 50, 19, 12, 
2020/6/2, 50, 15, 30, 
2020/6/3, 34, 10, 24, 
2020/6/4, 21, 9, 22, 
2020/6/5, 13, 11, 29, 
2020/6/6, 25, 9, 12, 
2020/6/7, 25, 6, 24, 
2020/6/8, 13, 14, 24, 
2020/6/9, 34, 10, 24, 
2020/6/10, 34, 16, 22, 
2020/6/11, 42, 19, 26, 
2020/6/12, 46, 10, 35, 
2020/6/13, 21, 10, 19, 
2020/6/14, 30, 16, 23, 
2020/6/15, 42, 14, 25, 
2020/6/16, 42, 10, 25, 
2020/6/17, 13, 13, 18, 
2020/6/18, 25, 7, 23, 
2020/6/19, 17, 14, 29, 
2020/6/20, 25, 6, 17, 
2020/6/21, 9, 10, 29, 
2020/6/22, 17, 13, 31, 
2020/6/23, 25, 24, 27, 
2020/6/24, 50, 20, 26, 
2020/6/25, 50, 20, 21, 
2020/6/26, 53, 22, 19, 
2020/6/27, 59, 18, 15, 
2020/6/28, 50, 20, 17, 
2020/6/29, 46, 26, 19, 
2020/6/30, 57, 18, 24, 
2020/1/1, 202, 64, 36, 
2020/1/2, 151, 64, 47, 
2020/1/3, 152, 51, 35, 
2020/1/4, 119, 46, 43, 
2020/1/5, 102, 48, 31, 
2020/1/6, 114, 55, 31, 
2020/1/7, 132, 58, 33, 
2020/1/8, 134, 71, 53, 
2020/1/9, 155, 79, 52, 
2020/1/10, 161, 73, 55, 
2020/1/11, 159, 55, 44, 
2020/1/12, 142, 65, 39, 
2020/1/13, 154, 74, 48, 
2020/1/14, 161, 71, 31, 
2020/1/15, 160, 74, 41, 
2020/1/16, 161, 64, 41, 
2020/1/17, 154, 21, 34, 
2020/1/18, 68, 44, 36, 
2020/1/19, 109, 25, 43, 
2020/1/20, 59, 52, 61, 
2020/1/21, 97, 55, 39, 
2020/1/22, 109, 58, 48, 
2020/1/23, 137, 71, 55, 
2020/1/24, 159, 68, 40, 
2020/1/25, 158, 68, 33, 
2020/1/26, 161, 74, 57, 
2020/1/27, 162, 58, 32, 
2020/1/28, 144, 47, 43, 
2020/1/29, 80, 49, 44, 
2020/1/30, 104, 69, 45, 
2020/1/31, 153, 62, 33, 
2020/2/1, 153, 46, 25, 
2020/2/2, 89, 49, 37, 
2020/2/3, 107, 48, 22, 
2020/2/4, 99, 23, 43, 
2020/2/5, 61, 33, 41, 
2020/2/6, 78, 50, 48, 
2020/2/7, 95, 55, 41, 
2020/2/8, 127, 66, 41, 
2020/2/9, 158, 59, 35, 
2020/2/10, 153, 41, 39, 
2020/2/11, 87, 29, 51, 
2020/2/12, 59, 45, 33, 
2020/2/13, 74, 34, 42, 
2020/2/14, 95, 57, 35, 
2020/2/15, 139, 55, 33, 
2020/2/16, 154, 51, 35, 
2020/2/17, 122, 57, 32, 
2020/2/18, 142, 55, 41, 
2020/2/19, 129, 30, 41, 
2020/2/20, 61, 51, 39, 
2020/2/21, 99, 55, 39, 
2020/2/22, 119, 48, 34, 
2020/2/23, 107, 49, 30, 
2020/2/24, 104, 60, 35, 
2020/2/25, 139, 40, 24, 
2020/2/26, 89, 18, 35, 
2020/2/27, 38, 16, 36, 
2020/2/28, 42, 29, 31, 
2020/2/29, 70, , , 
2020/3/3, 70, 27, 41, 
2020/3/4, 74, 25, 31, 
2020/3/5, 65, 29, 33, 
2020/3/6, 74, 34, 38, 
2020/3/7, 91, 20, 30, 
2020/3/8, 63, 30, 33, 
2020/3/9, 76, 31, 39, 
2020/3/10, 72, 23, 34, 
2020/3/11, 50, 29, 30, 
2020/3/12, 65, 15, 23, 
2020/3/13, 30, 27, 15, 
2020/3/14, 93, 23, 22, 
2020/3/15, 65, 28, 26, 
2020/3/16, 80, 40, 26, 
2020/3/17, 97, 45, 38, 
2020/3/18, 112, 42, 39, 
2020/3/19, 102, 49, 35, 
2020/3/20, 114, 33, 26, 
2020/3/21, 78, 30, 9, 
2020/3/22, 78, 20, 16, 
2020/3/23, 53, 22, 24, 
2020/3/24, 57, 20, 17, 
2020/3/25, 55, 21, 19, 
2020/3/26, 59, , 19, 
2020/3/28, 76, 67, 22, 
2020/3/29, 76, 67, 17, 
2020/3/30, 76, , 11, 
2019/10/1, 55, 17, 29, 
2019/10/2, 30, 17, 38, 
2019/10/3, 34, 27, 31, 
2019/10/4, 55, 37, 38, 
2019/10/5, 68, 40, 27, 
2019/10/6, 87, 12, 28, 
2019/10/7, 21, 31, 35, 
2019/10/8, 65, 32, 31, 
2019/10/9, 70, 33, 37, 
2019/10/10, 78, 44, 31, 
2019/10/11, 89, 53, 39, 
2019/10/12, 112, 56, 37, 
2019/10/13, 127, 53, 35, 
2019/10/14, 114, 46, 26, 
2019/10/15, 97, 16, 44, 
2019/10/16, 13, 28, 38, 
2019/10/17, 50, 16, 37, 
2019/10/18, 53, 25, 24, 
2019/10/19, 59, 15, 18, 
2019/10/20, 46, 13, 35, 
2019/10/21, 21, 27, 33, 
2019/10/22, 55, 47, 43, 
2019/10/23, 82, 30, 30, 
2019/10/24, 70, 24, 30, 
2019/10/25, 46, 27, 36, 
2019/10/26, 57, 29, 37, 
2019/10/27, 61, 45, 32, 
2019/10/28, 91, 42, 33, 
2019/10/29, 102, 31, 21, 
2019/10/30, 72, 26, 23, 
2019/10/31, 63, 23, 22, 
2019/11/1, 57, 30, 20, 
2019/11/2, 72, 8, 17, 
2019/11/3, 21, 24, 37, 
2019/11/4, 50, 29, 32, 
2019/11/5, 63, 16, 33, 
2019/11/6, 50, 28, 37, 
2019/11/7, 59, 11, 36, 
2019/11/8, 25, 24, 39, 
2019/11/9, 57, 32, 29, 
2019/11/10, 87, 21, 34, 
2019/11/11, 59, 20, 32, 
2019/11/12, 55, 39, 42, 
2019/11/13, 74, 29, 38, 
2019/11/14, 63, 24, 30, 
2019/11/15, 59, 23, 32, 
2019/11/16, 65, 15, 33, 
2019/11/17, 42, 30, 32, 
2019/11/18, 74, 21, 40, 
2019/11/19, 50, 33, 28, 
2019/11/20, 65, 32, 27, 
2019/11/21, 78, 35, 23, 
2019/11/22, 68, 8, 22, 
2019/11/23, 21, 13, 28, 
2019/11/24, 34, 34, 37, 
2019/11/25, 59, 37, 38, 
2019/11/26, 78, 27, 24, 
2019/11/27, 61, 33, 24, 
2019/11/28, 68, 42, , 
2019/11/29, 97, 32, , 
2019/11/30, 85, 31, , 
2019/12/1, 80, 26, 49, 
2019/12/2, 57, 23, 55, 
2019/12/3, 57, 23, 64, 
2019/12/4, 57, 51, 72, 
2019/12/5, 114, 61, 63, 
2019/12/6, 142, 42, 41, 
2019/12/7, 132, 58, 37, 
2019/12/8, 151, 64, 34, 
2019/12/9, 153, 34, 48, 
2019/12/10, 55, 34, 43, 
2019/12/11, 74, 30, 36, 
2019/12/12, 80, 25, 45, 
2019/12/13, 70, 37, 53, 
2019/12/14, 80, 36, 34, 
2019/12/15, 91, 38, 35, 
2019/12/16, 95, 42, 31, 
2019/12/17, 97, 40, 36, 
2019/12/18, 82, 32, 29, 
2019/12/19, 76, 26, 22, 
2019/12/20, 85, 19, 26, 
2019/12/21, 65, 17, 30, 
2019/12/22, 55, 29, 37, 
2019/12/23, 42, 20, 39, 
2019/12/24, 46, 25, 41, 
2019/12/25, 57, 34, 35, 
2019/12/26, 80, , , 
2019/12/28, 107, 57, 33, 
2019/12/29, 142, , , 
2019/7/1, 57, 12, 24, 
2019/7/2, 17, 23, 24, 
2019/7/3, 46, 16, 23, 
2019/7/4, 38, 23, 27, 
2019/7/5, 50, 27, 12, 
2019/7/6, 57, 27, 11, 
2019/7/7, 55, 20, 20, 
2019/7/8, 42, 20, 18, 
2019/7/9, 34, 18, 20, 
2019/7/10, 34, 21, 21, 
2019/7/11, 38, 25, 20, 
2019/7/12, 46, 19, 15, 
2019/7/13, 25, 9, 11, 
2019/7/14, 13, 10, 21, 
2019/7/15, 13, 13, 19, 
2019/7/16, 25, 18, 33, 
2019/7/17, 30, 21, 30, 
2019/7/18, 50, 26, 25, 
2019/7/19, 55, 26, 20, 
2019/7/20, 61, 20, 11, 
2019/7/21, 46, 28, 28, 
2019/7/22, 25, 40, 28, 
2019/7/23, 80, 37, 33, 
2019/7/24, 78, 38, 33, 
2019/7/25, 72, 27, 25, 
2019/7/26, 57, 10, 13, 
2019/7/27, 42, 10, 10, 
2019/7/28, 30, 13, 19, 
2019/7/29, 21, 17, 20, 
2019/7/30, 21, 20, 17, 
2019/7/31, 38, 24, 17, 
2019/8/1, 53, 18, 26, 
2019/8/2, 30, 11, 21, 
2019/8/3, 17, 14, 14, 
2019/8/4, 34, 20, 22, 
2019/8/5, 38, 23, 15, 
2019/8/6, 53, 12, 20, 
2019/8/7, 21, 17, 19, 
2019/8/8, 30, 26, 21, 
2019/8/9, 53, 25, 26, 
2019/8/10, 46, 20, 8, 
2019/8/11, 46, 22, 10, 
2019/8/12, 50, 9, 17, 
2019/8/14, 13, 10, 13, 
2019/8/15, 9, 10, 12, 
2019/8/16, 21, 14, 20, 
2019/8/17, 21, 19, 14, 
2019/8/18, 42, 18, 12, 
2019/8/19, 34, 21, 17, 
2019/8/20, 42, 19, 17, 
2019/8/21, 42, 15, 15, 
2019/8/22, 30, 22, 16, 
2019/8/23, 17, 22, 21, 
2019/8/24, 55, 20, 12, 
2019/8/25, 50, 19, 16, 
2019/8/26, 50, 29, 24, 
2019/8/27, 63, 24, 41, 
2019/8/28, 50, 13, 26, 
2019/8/29, 42, 31, 30, 
2019/8/30, 59, 20, 18, 
2019/8/31, 55, 24, 18, 
2019/9/1, 57, 17, 22, 
2019/9/2, 55, , 16, 
2019/9/4, 38, 28, 27, 
2019/9/5, 57, 11, 26, 
2019/9/6, 17, 17, 16, 
2019/9/7, 34, 9, 17, 
2019/9/8, 17, 12, 31, 
2019/9/9, 25, 20, 24, 
2019/9/10, 38, 22, 29, 
2019/9/11, 46, 35, 45, 
2019/9/12, 63, 33, 38, 
2019/9/13, 65, 36, 40, 
2019/9/14, 72, 33, 38, 
2019/9/15, 72, 42, 35, 
2019/9/16, 82, 29, 36, 
2019/9/17, 53, 26, 33, 
2019/9/18, 50, 21, 37, 
2019/9/19, 34, 33, 29, 
2019/9/20, 50, 28, 26, 
2019/9/21, 50, 27, 20, 
2019/9/22, 63, 37, 33, 
2019/9/23, 74, 44, 37, 
2019/9/24, 93, 32, 38, 
2019/9/25, 63, 50, 41, 
2019/9/26, 107, 55, 39, 
2019/9/27, 122, 36, 27, 
2019/9/28, 68, 21, 17, 
2019/9/29, 25, , 34, 
2019/4/1, 95, 47, 43, 
2019/4/2, 95, 28, 21, 
2019/4/3, 68, 16, 18, 
2019/4/4, 46, 18, 17, 
2019/4/5, 53, 28, 14, 
2019/4/6, 68, 23, 11, 
2019/4/7, 59, 21, 18, 
2019/4/8, 57, 19, 17, 
2019/4/9, 53, 26, 22, 
2019/4/10, 63, 19, 17, 
2019/4/11, 53, 22, 17, 
2019/4/12, 42, 27, 11, 
2019/4/13, 63, 10, 14, 
2019/4/14, 34, 15, 18, 
2019/4/15, 38, 20, 34, 
2019/4/16, 70, 38, 28, 
2019/4/17, 87, 37, 24, 
2019/4/18, 76, 28, 22, 
2019/4/19, 61, 29, 24, 
2019/4/20, 68, 20, 13, 
2019/4/21, 53, 23, 7, 
2019/4/22, 57, 10, 15, 
2019/4/23, 25, 19, 12, 
2019/4/24, 38, 33, 11, 
2019/4/25, 65, 27, 14, 
2019/4/26, 50, 14, 12, 
2019/4/27, 38, 11, 10, 
2019/4/28, 38, 12, 15, 
2019/4/29, 30, 23, 20, 
2019/4/30, 38, 18, 14, 
2019/5/1, 34, 18, 12, 
2019/5/2, 30, 16, 16, 
2019/5/3, 30, 17, 11, 
2019/5/4, 57, 10, 9, 
2019/5/5, 25, 16, 16, 
2019/5/6, 38, 12, 18, 
2019/5/7, 38, 24, 18, 
2019/5/8, 55, 14, 18, 
2019/5/9, 38, 31, 19, 
2019/5/10, 68, 25, 14, 
2019/5/11, 53, 11, 8, 
2019/5/12, 30, 14, 16, 
2019/5/13, 30, 22, 17, 
2019/5/14, 55, 16, 16, 
2019/5/15, 38, 22, 14, 
2019/5/16, 55, 21, 14, 
2019/5/17, 55, 12, 12, 
2019/5/18, 42, 13, 11, 
2019/5/19, 57, 16, 11, 
2019/5/20, 50, 16, 11, 
2019/5/21, 34, 18, 12, 
2019/5/22, 46, 22, 15, 
2019/5/23, 55, 23, 11, 
2019/5/24, 50, 19, 9, 
2019/5/25, 34, 12, , 
2019/5/26, 34, 16, , 
2019/5/27, 53, 19, 12, 
2019/5/28, 61, 12, , 
2019/5/29, 25, 12, , 
2019/5/30, 21, 14, 13, 
2019/5/31, 25, 20, 13, 
2019/6/1, 53, 18, 21, 
2019/6/2, 46, , , 
2019/6/5, 30, 28, 10, 
2019/6/6, 65, 24, 11, 
2019/6/7, 38, 25, 6, 
2019/6/8, 46, 31, , 
2019/6/9, 61, 44, 26, 
2019/6/10, 68, 46, 24, 
2019/6/11, 61, 3, 21, 
2019/6/13, 34, 29, 41, 
2019/6/14, 59, 39, 19, 
2019/6/15, 55, 14, 15, 
2019/6/16, 25, 30, 27, 
2019/6/17, 57, , , 
2019/6/29, 46, 27, 22, 
2019/6/30, 53, 27, 24, 
2019/1/1, 155, 22, 28, 
2019/1/2, 61, 21, 37, 
2019/1/3, 50, 47, 48, 
2019/1/4, 99, 59, 49, 
2019/1/5, 149, 60, 55, 
2019/1/6, 151, 71, 38, 
2019/1/7, 162, 77, 41, 
2019/1/8, 165, 30, 40, 
2019/1/9, 76, 24, 33, 
2019/1/10, 55, 37, 49, 
2019/1/11, 76, 54, 54, 
2019/1/12, 122, 62, 44, 
2019/1/13, 153, 21, 37, 
2019/1/14, 55, 31, 43, 
2019/1/15, 61, 53, 70, 
2019/1/16, 97, 50, 29, 
2019/1/17, 114, 45, 29, 
2019/1/18, 104, 20, 27, 
2019/1/19, 63, 47, 33, 
2019/1/20, 117, 62, 40, 
2019/1/21, 109, 62, 43, 
2019/1/22, 154, 50, 39, 
2019/1/23, 119, 58, 39, 
2019/1/24, 155, 56, 44, 
2019/1/25, 137, 66, 51, 
2019/1/26, 158, 60, 28, 
2019/1/27, 155, 50, 32, 
2019/1/28, 119, 52, 43, 
2019/1/29, 122, 29, 28, 
2019/1/30, 78, 47, 30, 
2019/1/31, 114, 29, 37, 
2019/2/1, 80, 36, 29, 
2019/2/2, 93, 30, 28, 
2019/2/3, 87, 35, 47, 
2019/2/4, 89, 50, 48, 
2019/2/5, 102, 58, 55, 
2019/2/6, 122, 64, 61, 
2019/2/7, 151, 70, 77, 
2019/2/8, 152, 59, 48, 
2019/2/9, 144, 60, 36, 
2019/2/10, 154, 26, 33, 
2019/2/11, 70, 19, 36, 
2019/2/12, 50, 32, 34, 
2019/2/13, 55, 57, 57, 
2019/2/14, 124, 66, 46, 
2019/2/15, 154, 71, 39, 
2019/2/16, 160, 71, 44, 
2019/2/17, 159, 53, 37, 
2019/2/18, 114, 31, 30, 
2019/2/19, 70, 59, 33, 
2019/2/20, 144, 70, 43, 
2019/2/21, 158, 69, 46, 
2019/2/22, 154, 47, 38, 
2019/2/23, 95, 30, 27, 
2019/2/24, 70, 60, 52, 
2019/2/25, 132, 59, 50, 
2019/2/26, 109, 62, 53, 
2019/2/27, 122, 55, 58, 
2019/2/28, 117, 52, 40, 
2019/3/1, 107, 49, 40, 
2019/3/2, 97, 42, 35, 
2019/3/3, 87, 39, 45, 
2019/3/4, 76, 32, 39, 
2019/3/5, 65, 48, 34, 
2019/3/6, 91, 47, 33, 
2019/3/7, 87, 36, 30, 
2019/3/8, 72, 26, 32, 
2019/3/9, 42, 26, 25, 
2019/3/10, 50, 14, 38, 
2019/3/11, 34, 16, 34, 
2019/3/12, 34, 24, 38, 
2019/3/13, 46, 30, 37, 
2019/3/14, 63, 20, 31, 
2019/3/15, 34, 21, 20, 
2019/3/16, 30, 32, 22, 
2019/3/17, 55, 14, 33, 
2019/3/18, 30, , 25, 
2019/3/20, 61, 37, 37, 
2019/3/21, 72, 50, 42, 
2019/3/22, 95, 53, 50, 
2019/3/23, 114, 48, 48, 
2019/3/24, 97, 30, 32, 
2019/3/25, 68, 18, 27, 
2019/3/26, 42, 20, 26, 
2019/3/27, 50, 27, 28, 
2019/3/28, 50, 32, 34, 
2019/3/29, 65, 46, 37, 
2019/3/30, 93, 48, 41, 
2019/3/31, 95, 49, 45, 
2018/10/1, 53, 17, 33, 
2018/10/2, 25, 40, 39, 
2018/10/3, 82, 52, 43, 
2018/10/4, 107, 42, 41, 
2018/10/5, 78, 45, 36, 
2018/10/6, 95, 33, 28, 
2018/10/7, 78, 40, 33, 
2018/10/8, 93, 48, , 
2018/10/9, 112, 54, , 
2018/10/10, 80, 50, , 
2018/10/11, 112, 36, 33, 
2018/10/12, 91, 54, 36, 
2018/10/13, 132, 51, 44, 
2018/10/14, 127, 51, 36, 
2018/10/15, 117, 50, 39, 
2018/10/16, 114, 56, 37, 
2018/10/17, 132, 56, 42, 
2018/10/18, 142, 53, 44, 
2018/10/19, 109, 58, 43, 
2018/10/20, 134, 57, 37, 
2018/10/21, 139, 23, 38, 
2018/10/22, 42, 41, 37, 
2018/10/23, 82, 21, 32, 
2018/10/24, 42, 56, 33, 
2018/10/25, 107, 32, 28, 
2018/10/26, 55, 25, 19, 
2018/10/27, 59, 13, 18, 
2018/10/28, 34, 13, 19, 
2018/10/29, 38, 16, 32, 
2018/10/30, 17, 19, 28, 
2018/10/31, 46, 16, 23, 
2018/11/1, 38, 26, 25, 
2018/11/2, 53, 14, 24, 
2018/11/3, 34, 23, 21, 
2018/11/4, 50, 19, 33, 
2018/11/5, 46, 17, 22, 
2018/11/6, 42, 20, 31, 
2018/11/7, 55, 21, 33, 
2018/11/8, 59, 27, 30, 
2018/11/9, 72, 34, 25, 
2018/11/10, 82, 32, 24, 
2018/11/11, 80, 25, 25, 
2018/11/12, 55, 30, 20, 
2018/11/13, 72, 50, 27, 
2018/11/14, 93, 56, 27, 
2018/11/15, 117, 30, 25, 
2018/11/16, 72, 22, 29, 
2018/11/17, 59, 20, 26, 
2018/11/18, 46, 33, 32, 
2018/11/19, 78, 28, 23, 
2018/11/20, 76, 33, 22, 
2018/11/21, 82, 42, 34, 
2018/11/22, 97, 39, 30, 
2018/11/23, 97, 16, 23, 
2018/11/24, 50, 30, 21, 
2018/11/25, 55, 30, 32, 
2018/11/26, 65, 40, 31, 
2018/11/27, 87, 46, 36, 
2018/11/28, 91, 41, 28, 
2018/11/29, 68, 52, 28, 
2018/11/30, 122, 59, 33, 
2018/12/1, 151, 40, 24, 
2018/12/2, 151, 48, 39, 
2018/12/3, 154, , 43, 
2018/12/5, 153, 47, 28, 
2018/12/6, 132, 63, 39, 
2018/12/7, 158, 26, 41, 
2018/12/8, 65, 31, 29, 
2018/12/9, 82, 12, 29, 
2018/12/10, 25, 21, 41, 
2018/12/11, 50, 35, 41, 
2018/12/12, 76, 31, 34, 
2018/12/13, 70, 34, 36, 
2018/12/14, 57, 54, 34, 
2018/12/15, 137, 61, 33, 
2018/12/16, 156, 59, 30, 
2018/12/17, 139, 66, 42, 
2018/12/18, 157, 53, 37, 
2018/12/19, 134, 32, 29, 
2018/12/20, 87, 40, 27, 
2018/12/21, 97, 40, 30, 
2018/12/22, 97, 41, 26, 
2018/12/23, 104, 35, 38, 
2018/12/24, 97, 37, 29, 
2018/12/25, 93, 39, 23, 
2018/12/26, 107, 53, 31, 
2018/12/27, 142, 59, 46, 
2018/12/28, 152, 67, 54, 
2018/12/29, 157, 52, 38, 
2018/12/30, 129, , , 
2018/7/1, 61, 28, , 
2018/7/2, 59, 26, , 
2018/7/3, 59, 17, , 
2018/7/4, 55, 16, , 
2018/7/5, 46, 19, , 
2018/7/6, 42, 16, , 
2018/7/7, 57, 13, , 
2018/7/8, 30, 17, , 
2018/7/9, 38, 18, , 
2018/7/10, 50, 20, , 
2018/7/11, 30, , , 
2018/7/13, 55, 33, , 
2018/7/14, 68, 19, , 
2018/7/15, 50, 19, , 
2018/7/16, 42, 21, 21, 
2018/7/17, 53, 21, 28, 
2018/7/18, 46, 20, 28, 
2018/7/19, 46, 24, 29, 
2018/7/20, 61, 20, 28, 
2018/7/21, 46, 17, 17, 
2018/7/22, 38, 14, 26, 
2018/7/23, 42, 15, 41, 
2018/7/24, 46, 17, 42, 
2018/7/25, 38, 32, 41, 
2018/7/26, 78, 19, 43, 
2018/7/27, 46, 18, 18, 
2018/7/28, 50, 16, 20, 
2018/7/29, 53, 20, 37, 
2018/7/30, 55, 27, 40, 
2018/7/31, 61, 30, 42, 
2018/8/1, 65, 20, 34, 
2018/8/2, 50, 23, 34, 
2018/8/3, 61, 20, 19, 
2018/8/4, 57, 16, 23, 
2018/8/5, 46, 25, 36, 
2018/8/6, 57, 18, 22, 
2018/8/7, 38, 10, 24, 
2018/8/8, 25, 22, 26, 
2018/8/9, 50, 18, 18, 
2018/8/10, 38, 18, 19, 
2018/8/11, 85, 17, 14, 
2018/8/12, 53, 16, 17, 
2018/8/13, 38, 15, 17, 
2018/8/14, 34, 10, 13, 
2018/8/15, 34, 12, 22, 
2018/8/16, 42, 14, 21, 
2018/8/17, 25, 20, 17, 
2018/8/18, 21, 19, 18, 
2018/8/19, 46, 19, 21, 
2018/8/20, 53, 20, 21, 
2018/8/21, 42, 23, 26, 
2018/8/22, 34, 28, 27, 
2018/8/23, 61, 19, 40, 
2018/8/24, 59, 17, 15, 
2018/8/25, 53, 10, 17, 
2018/8/26, 38, 9, 30, 
2018/8/27, 9, 22, 39, 
2018/8/28, 50, 20, 33, 
2018/8/29, 46, 27, 31, 
2018/8/30, 55, 18, 26, 
2018/8/31, 53, 11, 20, 
2018/9/1, 30, 10, 17, 
2018/9/2, 25, 13, 25, 
2018/9/3, 25, 17, 25, 
2018/9/4, 34, 20, 33, 
2018/9/5, 50, 29, 35, 
2018/9/6, 65, 24, 28, 
2018/9/7, 61, 28, 27, 
2018/9/8, 68, 24, 32, 
2018/9/9, 59, 32, 34, 
2018/9/10, 50, , 36, 
2018/9/12, 82, 44, 33, 
2018/9/13, 82, 22, 28, 
2018/9/14, 63, 38, 25, 
2018/9/15, 72, 35, 27, 
2018/9/16, 76, 38, 27, 
2018/9/17, 68, 40, 31, 
2018/9/18, 80, 46, 28, 
2018/9/19, 87, 46, 54, 
2018/9/20, 89, 46, 58, 
2018/9/21, 93, 33, 27, 
2018/9/22, 63, 27, 22, 
2018/9/23, 53, 21, 35, 
2018/9/24, 30, 23, 25, 
2018/9/25, 42, 25, 30, 
2018/9/26, 42, 46, 57, 
2018/9/27, 72, 49, 65, 
2018/9/28, 70, 39, 45, 
2018/9/29, 68, 26, 21, 
2018/9/30, 46, 20, 28, 
2018/4/1, 34, 18, 29, 
2018/4/2, 34, 22, 37, 
2018/4/3, 13, 22, 35, 
2018/4/4, 53, 30, 29, 
2018/4/5, 74, 45, 30, 
2018/4/6, 95, 29, 27, 
2018/4/7, 99, 30, 26, 
2018/4/8, 74, 20, 33, 
2018/4/9, 55, 18, 29, 
2018/4/10, 59, 17, 32, 
2018/4/11, 46, 16, 32, 
2018/4/12, 38, 15, 33, 
2018/4/13, 46, 21, 33, 
2018/4/14, 57, 27, 26, 
2018/4/15, 65, 31, 31, 
2018/4/16, 61, 50, 29, 
2018/4/17, 74, 45, 40, 
2018/4/18, 68, 38, 35, 
2018/4/19, 76, 46, 41, 
2018/4/20, 85, 45, 36, 
2018/4/21, 91, 33, 24, 
2018/4/22, 70, 36, 33, 
2018/4/23, 68, 35, 27, 
2018/4/24, 63, 32, 19, 
2018/4/25, 57, 31, 27, 
2018/4/26, 59, 35, 26, 
2018/4/27, 59, 36, 24, 
2018/4/28, 65, 31, 19, 
2018/4/29, 65, 17, 16, 
2018/4/30, 34, 13, 17, 
2018/5/1, 13, 13, 30, 
2018/5/2, 38, 24, 25, 
2018/5/3, 53, 31, 32, 
2018/5/4, 61, 27, 27, 
2018/5/5, 55, 28, 25, 
2018/5/6, 61, 23, 28, 
2018/5/7, 50, 22, 30, 
2018/5/8, 46, 18, 31, 
2018/5/9, 50, , 43, 
2018/5/11, 61, 20, 30, 
2018/5/12, 53, 18, 27, 
2018/5/13, 42, 8, 29, 
2018/5/14, 17, 10, 26, 
2018/5/15, 17, 15, 25, 
2018/5/16, 38, 24, 35, 
2018/5/17, 61, 22, 31, 
2018/5/18, 55, 23, 29, 
2018/5/19, 59, 12, 20, 
2018/5/20, 21, 15, 27, 
2018/5/21, 30, 20, 30, 
2018/5/22, 61, 21, 28, 
2018/5/23, 61, 22, 27, 
2018/5/24, 57, 23, 32, 
2018/5/25, 57, 35, 38, 
2018/5/26, 78, 30, 30, 
2018/5/27, 59, 17, 27, 
2018/5/28, 50, 23, 34, 
2018/5/29, 59, 35, 29, 
2018/5/30, 72, 25, 20, 
2018/5/31, 59, 23, 22, 
2018/6/1, 46, 19, 16, 
2018/6/2, 38, 17, 14, 
2018/6/3, 38, 29, 29, 
2018/6/4, 63, 27, 21, 
2018/6/5, 59, 19, 22, 
2018/6/6, 38, 15, 21, 
2018/6/7, 34, 15, 30, 
2018/6/8, 38, 17, 17, 
2018/6/9, 34, 20, 15, 
2018/6/10, 42, 30, 29, 
2018/6/11, 57, 30, 31, 
2018/6/12, 53, 17, 23, 
2018/6/13, 34, 13, 23, 
2018/6/14, 21, 16, 25, 
2018/6/15, 38, 20, 25, 
2018/6/16, 46, 19, 19, 
2018/6/17, 57, 18, 34, 
2018/6/18, 46, 23, 36, 
2018/6/19, 53, 22, 34, 
2018/6/20, 61, 28, 33, 
2018/6/21, 61, 24, 29, 
2018/6/22, 38, 17, 21, 
2018/6/23, 34, 17, 15, 
2018/6/24, 38, 20, 28, 
2018/6/25, 42, 14, 26, 
2018/6/26, 25, 23, 32, 
2018/6/27, 53, 15, 26, 
2018/6/28, 30, 21, , 
2018/6/29, 46, 20, , 
2018/6/30, 53, 23, , 
2018/1/5, 137, 43, 34, 
2018/1/6, 119, 52, 27, 
2018/1/7, 109, 26, 29, 
2018/1/8, 59, 19, 31, 
2018/1/9, 38, 30, , 
2018/1/10, 78, 46, , 
2018/1/11, 102, 48, 31, 
2018/1/12, 99, 50, 33, 
2018/1/13, 109, 52, 27, 
2018/1/14, 132, 55, 31, 
2018/1/15, 142, 52, 30, 
2018/1/16, 129, 50, 40, 
2018/1/17, 117, 40, 45, 
2018/1/18, 87, 48, 55, 
2018/1/19, 93, 58, 42, 
2018/1/20, 139, 13, 33, 
2018/1/21, 42, 37, 37, 
2018/1/22, 82, 62, 49, 
2018/1/23, 152, 60, 36, 
2018/1/24, 147, 64, 44, 
2018/1/25, 153, 69, 33, 
2018/1/26, 154, 45, 27, 
2018/1/27, 112, 50, 31, 
2018/1/28, 109, 55, 37, 
2018/1/29, 132, 43, 40, 
2018/1/30, 97, 51, 35, 
2018/1/31, 114, 34, 28, 
2018/2/1, 65, 30, , 
2018/2/2, 76, 24, , 
2018/2/3, 74, 30, 41, 
2018/2/4, 80, 24, 34, 
2018/2/5, 70, 26, , 
2018/2/6, 68, 25, , 
2018/2/7, 70, 42, 30, 
2018/2/8, 76, 33, 36, 
2018/2/9, 74, 38, 31, 
2018/2/10, 91, 52, 30, 
2018/2/11, 97, 48, 31, 
2018/2/12, 114, 20, 38, 
2018/2/13, 55, 34, 39, 
2018/2/14, 76, 51, 35, 
2018/2/15, 109, 67, 45, 
2018/2/16, 156, 71, 34, 
2018/2/17, 124, 50, 30, 
2018/2/18, 122, 24, 29, 
2018/2/19, 63, 48, 36, 
2018/2/20, 104, 46, 36, 
2018/2/21, 104, 34, 34, 
2018/2/22, 85, 28, 33, 
2018/2/23, 78, 30, 32, 
2018/2/24, 91, 24, 32, 
2018/2/25, 57, 27, 41, 
2018/3/1, 151, 60, 42, 
2018/3/2, 157, 45, 41, 
2018/3/3, 117, 40, 36, 
2018/3/4, 102, 53, 41, 
2018/3/5, 132, 50, 38, 
2018/3/6, 129, 46, 36, 
2018/3/7, 114, , 42, 
2018/3/10, 30, 21, 27, 
2018/3/11, 61, 25, 29, 
2018/3/12, 63, 37, 43, 
2018/3/13, 89, 31, 45, 
2018/3/14, 65, 28, 37, 
2018/3/15, 65, 15, 35, 
2018/3/16, 38, 20, 31, 
2018/3/17, 57, 9, 32, 
2018/3/18, 34, 13, 30, 
2018/3/19, 59, 28, 34, 
2018/3/20, 72, 26, 37, 
2018/3/21, 72, 33, 38, 
2018/3/22, 78, 45, 41, 
2018/3/23, 99, 35, 33, 
2018/3/24, 80, 25, 29, 
2018/3/25, 70, 49, 45, 
2018/3/26, 116, 46, 41, 
2018/3/27, 107, 43, 36, 
2018/3/28, 89, 54, 33, 
2018/3/29, 124, 37, 23, 
2018/3/30, 89, 19, 24, 
2018/3/31, 53, 14, 30, 
2017/7/1, 17, 10, 25, 
2017/7/2, 13, 14, 33, 
2017/7/3, 17, 17, 28, 
2017/7/4, 25, 23, 30, 
2017/7/5, 38, 20, 35, 
2017/7/6, 30, 20, 27, 
2017/7/7, 34, 22, 28, 
2017/7/8, 38, 23, 24, 
2017/7/9, 34, 27, 27, 
2017/7/10, 46, 23, 26, 
2017/7/11, 34, 26, 31, 
2017/7/12, 42, 28, 36, 
2017/7/13, 50, 15, 27, 
2017/7/14, 21, 14, 25, 
2017/7/15, 17, 12, 17, 
2017/7/16, 17, 12, 30, 
2017/7/17, 21, 19, 40, 
2017/7/18, 25, 20, 40, 
2017/7/19, 30, 22, 33, 
2017/7/20, 30, 25, 39, 
2017/7/21, 50, 17, 17, 
2017/7/22, 30, 17, 14, 
2017/7/23, 34, 19, 25, 
2017/7/24, 30, 11, 37, 
2017/7/25, 17, 11, 28, 
2017/7/26, 9, 15, 36, 
2017/7/27, 21, 23, 23, 
2017/7/28, 34, 30, 22, 
2017/7/29, 25, 11, 16, 
2017/7/30, 21, 20, 32, 
2017/7/31, 30, 26, 42, 
2017/8/1, 13, , 36, 
2017/8/3, 74, 35, 30, 
2017/8/4, 65, 37, 29, 
2017/8/5, 74, 25, 28, 
2017/8/6, 63, 9, 21, 
2017/8/7, 17, 19, 20, 
2017/8/8, 50, 20, 22, 
2017/8/9, 55, 22, 26, 
2017/8/10, 55, 10, 20, 
2017/8/11, 25, 3, 20, 
2017/8/12, 9, 10, 26, 
2017/8/13, 25, 13, 21, 
2017/8/14, 30, 14, 18, 
2017/8/15, 30, 19, 23, 
2017/8/16, 46, 20, 21, 
2017/8/17, 34, 24, 25, 
2017/8/18, 57, 15, 14, 
2017/8/19, 38, 9, 17, 
2017/8/20, 17, 13, 25, 
2017/8/21, 21, 17, 23, 
2017/8/22, 38, 22, 22, 
2017/8/23, 50, 26, 26, 
2017/8/25, 57, 31, 35, 
2017/8/26, 34, 29, 22, 
2017/8/27, 63, 32, 36, 
2017/8/28, 65, 23, 28, 
2017/8/29, 46, 27, 37, 
2017/8/30, 57, 25, 25, 
2017/8/31, 55, 20, 27, 
2017/9/1, 50, 9, 24, 
2017/9/2, 13, 11, 43, 
2017/9/3, 30, 11, 43, 
2017/9/4, 30, , , 
2017/4/1, 71, 34, 24, 
2017/4/2, 88, 31, 43, 
2017/4/3, 70, 31, 43, 
2017/4/4, 73, 20, 32, 
2017/4/5, 59, 25, 39, 
2017/4/6, 60, 38, 33, 
2017/4/7, 81, 40, 44, 
2017/4/8, 90, 43, 38, 
2017/4/9, 91, 32, 36, 
2017/4/10, 80, 32, 29, 
2017/4/11, 74, 32, 28, 
2017/4/12, 70, 31, 24, 
2017/4/13, 61, 28, 33, 
2017/4/14, 62, 27, 18, 
2017/4/15, 63, 19, 17, 
2017/4/16, 46, 14, 23, 
2017/4/17, 49, 25, 27, 
2017/4/18, 52, 26, 33, 
2017/4/19, 53, 15, 34, 
2017/4/20, 30, 25, 37, 
2017/4/21, 59, 29, 39, 
2017/4/22, 62, 25, 16, 
2017/4/23, 50, 31, 20, 
2017/4/24, 58, 35, 21, 
2017/4/25, 73, 18, 33, 
2017/4/26, 53, 19, 39, 
2017/4/27, 56, 13, 29, 
2017/4/28, 38, 21, 33, 
2017/4/29, 60, 20, 23, 
2017/4/30, 57, 20, 20, 
2017/5/1, 58, 12, 34, 
2017/5/2, 46, 12, 38, 
2017/5/3, 38, 16, 31, 
2017/5/4, 45, 23, 53, 
2017/5/5, 67, 35, 42, 
2017/5/6, 71, 20, 34, 
2017/5/7, 61, 16, 36, 
2017/5/8, 31, 14, 37, 
2017/5/9, 30, 23, 25, 
2017/5/10, 53, 26, 43, 
2017/5/11, 60, 25, 29, 
2017/5/12, 55, 16, 20, 
2017/5/13, 46, 18, 17, 
2017/5/14, 54, 15, 26, 
2017/5/15, 18, 15, 32, 
2017/5/16, 33, 23, 39, 
2017/5/17, 52, 22, 35, 
2017/5/18, 46, 29, 30, 
2017/5/19, 58, 12, 23, 
2017/5/20, 26, 14, 35, 
2017/5/21, 29, 18, 39, 
2017/5/22, 49, 19, 27, 
2017/5/23, 30, 22, 40, 
2017/5/24, 52, 31, 22, 
2017/5/25, 60, 19, 28, 
2017/5/26, 26, 26, 34, 
2017/5/27, 48, 23, 26, 
2017/5/28, 52, 26, 35, 
2017/5/29, 50, 21, 26, 
2017/5/30, 42, 18, 30, 
2017/5/31, 34, 19, 21, 
2017/6/1, 37, 16, 11, 
2017/6/2, 30, 18, 14, 
2017/6/3, 52, 19, 12, 
2017/6/4, 46, 19, 29, 
2017/6/5, 42, 21, 29, 
2017/6/6, 49, 10, 29, 
2017/6/7, 14, 10, 22, 
2017/6/8, 33, , 32, 
2017/6/9, 34, 39, 32, 
2017/6/10, 74, 34, 23, 
2017/6/11, 77, 30, 29, 
2017/6/12, 63, 28, 33, 
2017/6/13, 55, 31, 36, 
2017/6/14, 55, 34, 30, 
2017/6/15, 73, 23, 28, 
2017/6/16, 55, 23, 25, 
2017/6/17, 46, 16, 18, 
2017/6/18, 22, 17, 34, 
2017/6/19, 29, 24, 35, 
2017/6/20, 49, 22, 26, 
2017/6/21, 26, 22, 31, 
2017/6/22, 25, 26, 18, 
2017/6/23, 57, 27, 18, 
2017/6/24, 73, 23, 17, 
2017/6/25, 35, 20, 26, 
2017/6/26, 13, 16, 33, 
2017/6/27, 33, 18, 30, 
2017/6/28, 45, 17, 33, 
2017/6/29, 34, 13, 32, 
2017/6/30, 17, 13, 23, 
2017/1/2, 151, 59, 45, 
2017/1/3, 152, 64, 42, 
2017/1/4, 109, 12, 28, 
2017/1/5, 17, 12, 37, 
2017/1/6, 42, 36, 40, 
2017/1/7, 82, 37, 34, 
2017/1/8, 59, 64, 43, 
2017/1/9, 154, 55, 37, 
2017/1/10, 124, 47, 40, 
2017/1/11, 93, 55, 32, 
2017/1/12, 139, 31, 39, 
2017/1/13, 87, 19, 42, 
2017/1/14, 30, 33, 41, 
2017/1/15, 78, 28, 59, 
2017/1/16, 61, 32, 52, 
2017/1/17, 63, 47, 55, 
2017/1/18, 97, 50, 60, 
2017/1/19, 109, 61, 77, 
2017/1/20, 149, 67, 58, 
2017/1/21, 159, 49, 54, 
2017/1/22, 139, 54, 69, 
2017/1/23, 117, 61, 73, 
2017/1/24, 144, 51, 58, 
2017/1/25, 107, 54, 52, 
2017/1/26, 132, 57, 48, 
2017/1/27, 139, 75, 43, 
2017/1/28, 164, 96, 56, 
2017/1/29, 184, 105, 44, 
2017/1/30, 209, 102, 40, 
2017/1/31, 162, 98, 55, 
2017/2/1, 191, 80, 50, 
2017/2/2, 166, 51, 37, 
2017/2/3, 117, 36, 35, 
2017/2/4, 91, 32, 33, 
2017/2/5, 87, 37, 50, 
2017/2/6, 99, 40, 46, 
2017/2/7, 89, 37, 35, 
2017/2/8, 82, 36, 35, 
2017/2/9, 70, 38, 37, 
2017/2/10, 89, 50, 35, 
2017/2/11, 119, , 30, 
2017/2/13, 127, 43, 38, 
2017/2/14, 99, 52, 43, 
2017/2/15, 134, 55, 52, 
2017/2/16, 91, 35, 40, 
2017/2/17, 85, 70, 28, 
2017/2/18, 159, 65, 32, 
2017/2/19, 154, 59, 37, 
2017/2/20, 147, 54, 46, 
2017/2/21, 129, 69, 44, 
2017/2/22, 112, 58, 47, 
2017/2/23, 152, 64, 49, 
2017/2/24, 157, 31, 38, 
2017/2/25, 70, 40, 47, 
2017/2/26, 95, 44, 47, 
2017/2/27, 97, 44, 40, 
2017/2/28, 104, 21, 52, 
2017/3/1, 55, 35, 44, 
2017/3/2, 72, 50, 39, 
2017/3/3, 104, 32, 26, 
2017/3/4, 78, 14, 26, 
2017/3/6, 68, 10, 42, 
2017/3/7, 25, 18, 56, 
2017/3/8, 38, 41, 64, 
2017/3/9, 59, , 58, 
2017/3/12, 42, 31, , 
2017/3/13, 59, 53, , 
2017/3/14, 109, 64, 48, 
2017/3/15, 151, 78, 60, 
2017/3/16, 162, 76, 58, 
2017/3/17, 163, 31, 27, 
2017/3/18, 68, 42, 28, 
2017/3/19, 85, 64, 39, 
2017/3/20, 153, 71, 37, 
2017/3/21, 158, 55, 26, 
2017/3/22, 124, 45, 36, 
2017/3/23, 102, 32, 34, 
2017/3/24, 68, 48, 28, 
2017/3/25, 122, 18, 19, 
2017/3/26, 65, 29, 32, 
2017/3/27, 69, 40, 47, 
2017/3/28, 84, 42, 55, 
2017/3/29, 78, 37, 55, 
2017/3/30, 79, 43, 46, 
2017/3/31, 96, 30, 35, 
2016/10/1, 53, 25, 42, 
2016/10/2, 68, 21, 43, 
2016/10/3, 42, 22, 44, 
2016/10/4, 38, 30, 44, 
2016/10/5, 59, 19, 36, 
2016/10/6, 50, 36, 48, 
2016/10/7, 78, 36, 38, 
2016/10/8, 80, 14, 22, 
2016/10/9, 42, 9, 37, 
2016/10/10, 30, 19, 37, 
2016/10/11, 42, 27, 53, 
2016/10/12, 76, 27, 39, 
2016/10/13, 70, 11, 37, 
2016/10/14, 25, 18, 27, 
2016/10/15, 55, 21, 37, 
2016/10/16, 53, 43, 50, 
2016/10/17, 93, 45, 40, 
2016/10/18, 97, 42, 33, 
2016/10/19, 95, 39, 33, 
2016/10/20, 65, 21, 40, 
2016/10/21, 59, 33, 32, 
2016/10/22, 85, 30, 32, 
2016/10/23, 80, 29, 33, 
2016/10/24, 72, 26, 27, 
2016/10/25, 63, 27, 28, 
2016/10/26, 68, 21, 34, 
2016/10/27, 55, 35, 42, 
2016/10/28, 76, 44, 37, 
2016/10/29, 107, 54, 42, 
2016/10/30, 114, 39, 34, 
2016/10/31, 104, 43, 30, 
2016/11/1, 99, 49, 38, 
2016/11/2, 112, 50, 34, 
2016/11/3, 119, 29, 32, 
2016/11/4, 68, 23, 27, 
2016/11/5, 80, 27, 25, 
2016/11/6, 65, 21, 48, 
2016/11/7, 55, 30, 44, 
2016/11/8, 70, 41, 42, 
2016/11/9, 93, 54, 53, 
2016/11/10, 137, 53, 42, 
2016/11/11, 134, 37, 58, 
2016/11/12, 91, 32, 41, 
2016/11/13, 82, 26, 33, 
2016/11/14, 72, 40, 43, 
2016/11/15, 91, 59, 55, 
2016/11/16, 153, 81, 46, 
2016/11/17, 171, 61, 41, 
2016/11/18, 152, 51, 38, 
2016/11/19, 129, 40, 38, 
2016/11/20, 93, 23, 29, 
2016/11/21, 68, 19, 34, 
2016/11/22, 53, 40, 34, 
2016/11/23, 91, 28, 36, 
2016/11/24, 68, 21, 38, 
2016/11/25, 50, 16, 35, 
2016/11/26, 38, 38, 35, 
2016/11/27, 91, 35, 41, 
2016/11/28, 72, 19, 38, 
2016/11/29, 30, 32, 36, 
2016/11/30, 74, 29, 49, 
2016/12/1, 76, 36, 41, 
2016/12/2, 82, 54, 33, 
2016/12/3, 137, 54, 36, 
2016/12/4, 134, 71, 47, 
2016/12/5, 160, 71, 54, 
2016/12/6, 161, 64, 62, 
2016/12/7, 157, 67, 53, 
2016/12/8, 160, 69, 61, 
2016/12/9, 163, 72, 63, 
2016/12/10, 167, 58, 37, 
2016/12/11, 162, 62, 46, 
2016/12/12, 156, 66, 47, 
2016/12/13, 129, 55, 44, 
2016/12/14, 142, 67, 54, 
2016/12/15, 155, 63, 53, 
2016/12/16, 151, 66, 56, 
2016/12/17, 158, 53, 41, 
2016/12/18, 134, 50, 54, 
2016/12/19, 127, 41, 49, 
2016/12/20, 99, 38, 39, 
2016/12/21, 89, 54, 65, 
2016/12/22, 82, 66, 68, 
2016/12/23, 157, 49, 47, 
2016/12/24, 124, 66, 52, 
2016/12/25, 159, 65, 53, 
2016/12/26, 158, 29, 74, 
2016/12/27, 53, 40, 43, 
2016/12/28, 87, 34, 39, 
2016/12/29, 72, 56, 43, 
2016/12/30, 139, 63, 49, 
2016/12/31, 155, 103, 49, 
2017/1/1, 194, 58, 42, 
2016/7/1, 57, 20, 21, 
2016/7/2, 50, 15, 18, 
2016/7/3, 38, 12, 20, 
2016/7/4, 25, 24, 32, 
2016/7/5, 57, 23, 33, 
2016/7/6, 57, 24, 36, 
2016/7/7, 58, 25, 28, 
2016/7/8, 59, 26, 20, 
2016/7/9, 57, 27, 19, 
2016/7/10, 60, 24, 27, 
2016/7/11, 57, 18, 32, 
2016/7/12, 34, 19, 37, 
2016/7/13, 49, 3, 44, 
2016/7/14, 50, 7, 31, 
2016/7/15, 13, 8, 29, 
2016/7/16, 9, 13, 27, 
2016/7/17, 24, 17, 32, 
2016/7/18, 41, 24, 35, 
2016/7/19, 66, 30, 40, 
2016/7/20, 71, 25, 34, 
2016/7/21, 59, 24, 33, 
2016/7/22, 42, 19, 24, 
2016/7/23, 38, 17, 17, 
2016/7/24, 34, 25, 29, 
2016/7/25, 49, 18, 36, 
2016/7/26, 38, 17, 40, 
2016/7/27, 34, 18, 26, 
2016/7/28, 34, 20, 33, 
2016/7/29, 52, 17, 21, 
2016/7/30, 46, 11, 17, 
2016/7/31, 18, 14, 21, 
2016/8/1, 55, 11, 26, 
2016/8/2, 31, 16, 27, 
2016/8/3, 41, 20, 32, 
2016/8/4, 52, 8, 24, 
2016/8/5, 14, 6, 24, 
2016/8/6, 5, 6, 27, 
2016/8/7, 12, 12, 32, 
2016/8/8, 53, 18, 31, 
2016/8/9, 46, 9, 19, 
2016/8/10, 22, 5, 19, 
2016/8/11, 9, 9, 22, 
2016/8/12, 24, 16, 17, 
2016/8/13, 29, 23, 18, 
2016/8/14, 57, 17, 17, 
2016/8/15, 38, 14, 16, 
2016/8/16, 25, 12, 16, 
2016/8/17, 13, 14, 17, 
2016/8/18, 30, 18, 20, 
2016/8/19, 30, 21, 17, 
2016/8/20, 13, 16, 14, 
2016/8/21, 30, 10, 19, 
2016/8/22, 5, , 26, 
2016/8/26, 57, 28, 23, 
2016/8/27, 50, 26, 21, 
2016/8/28, 42, 22, 18, 
2016/8/29, 38, 20, 27, 
2016/8/30, 21, 23, 30, 
2016/8/31, 42, 30, 41, 
2016/9/1, 65, 32, 42, 
2016/9/2, 57, 30, 25, 
2016/9/3, 63, 29, 22, 
2016/9/4, 55, 24, 34, 
2016/9/5, 34, 22, 32, 
2016/9/6, 21, 17, 32, 
2016/9/7, 5, , 31, 
2016/9/9, 107, 34, , 
2016/9/10, 74, 23, , 
2016/9/11, 50, 29, , 
2016/9/12, 57, 39, 47, 
2016/9/13, 68, 40, 55, 
2016/9/14, 76, 43, 38, 
2016/9/15, 85, 25, 41, 
2016/9/16, 72, 16, 30, 
2016/9/17, 42, 14, 35, 
2016/9/18, 34, 16, 43, 
2016/9/19, 21, 17, 50, 
2016/9/20, 25, 19, 45, 
2016/9/21, 46, 28, 48, 
2016/9/22, 61, 38, 48, 
2016/9/23, 76, 26, 62, 
2016/9/24, 63, 30, 54, 
2016/9/25, 68, 41, 48, 
2016/9/26, 85, 41, 55, 
2016/9/27, 85, 48, 66, 
2016/9/28, 91, 51, 42, 
2016/9/29, 112, 30, 44, 
2016/9/30, 63, 21, 37, 
2016/4/1, 89, 48, 33, 
2016/4/2, 106, 43, 33, 
2016/4/3, 95, 42, 29, 
2016/4/4, 101, 50, 35, 
2016/4/5, 121, 59, 41, 
2016/4/6, 136, 61, 34, 
2016/4/7, 151, 44, 43, 
2016/4/8, 97, 26, 28, 
2016/4/9, 69, 17, 24, 
2016/4/10, 55, 18, 29, 
2016/4/11, 56, 18, 30, 
2016/4/12, 42, 27, 33, 
2016/4/13, 64, 15, 35, 
2016/4/14, 57, 24, 30, 
2016/4/15, 64, 21, 29, 
2016/4/16, 55, 27, 22, 
2016/4/17, 60, 20, 32, 
2016/4/18, 55, 17, 32, 
2016/4/19, 53, 23, 35, 
2016/4/20, 62, 24, 38, 
2016/4/21, 69, 27, 41, 
2016/4/22, 71, 16, 21, 
2016/4/23, 43, 10, 17, 
2016/4/24, 38, 6, 17, 
2016/4/25, 21, 21, 32, 
2016/4/26, 63, 19, 35, 
2016/4/27, 46, 18, 32, 
2016/4/28, 46, 22, 30, 
2016/4/29, 56, 20, 36, 
2016/4/30, 55, 8, 17, 
2016/5/1, 26, 16, 30, 
2016/5/2, 57, 16, 37, 
2016/5/3, 53, 10, 45, 
2016/5/4, 38, 16, 39, 
2016/5/5, 56, 29, 55, 
2016/5/6, 77, 30, 46, 
2016/5/7, 55, 20, 34, 
2016/5/8, 106, 22, 34, 
2016/5/9, 140, 23, 34, 
2016/5/10, 142, 25, 34, 
2016/5/11, 55, 18, 34, 
2016/5/12, 55, 18, 31, 
2016/5/17, 112, 22, 36, 
2016/5/18, 121, 13, 42, 
2016/5/19, 81, 13, 47, 
2016/5/20, 80, , 35, 
2016/5/22, 53, 23, 32, 
2016/5/23, 69, 16, 33, 
2016/5/24, 39, 16, 22, 
2016/5/25, 49, 14, 29, 
2016/5/26, 60, 36, 47, 
2016/5/27, 73, 35, 38, 
2016/5/28, 72, 20, 21, 
2016/5/29, 57, 16, 34, 
2016/5/30, 42, 16, 35, 
2016/5/31, 49, 19, 33, 
2016/6/1, 42, 11, 21, 
2016/6/2, 30, 21, 21, 
2016/6/3, 74, 10, 27, 
2016/6/4, 53, 15, 28, 
2016/6/5, 62, 14, 32, 
2016/6/6, 39, 18, 33, 
2016/6/7, 52, 15, 35, 
2016/6/8, 42, 23, 27, 
2016/6/9, 66, 21, 30, 
2016/6/10, 59, 20, 26, 
2016/6/11, 62, 10, 21, 
2016/6/12, 26, 13, 29, 
2016/6/13, 45, 14, 26, 
2016/6/14, 25, 12, 28, 
2016/6/15, 13, 12, 37, 
2016/6/16, 33, 13, 23, 
2016/6/17, 17, 13, 24, 
2016/6/18, 29, 13, 27, 
2016/6/19, 33, 9, 30, 
2016/6/20, 25, 11, 29, 
2016/6/21, 37, 19, 39, 
2016/6/22, 49, 31, 45, 
2016/6/23, 69, 41, 42, 
2016/6/24, 86, 25, 29, 
2016/6/25, 62, 17, 17, 
2016/6/26, 42, 10, 29, 
2016/6/27, 18, 12, 30, 
2016/6/28, 33, 19, 33, 
2016/6/29, 41, 25, 33, 
2016/6/30, 56, 24, 31, 
2016/1/4, 97, 36, 31, 
2016/1/5, 99, 35, 34, 
2016/1/6, 93, 44, 50, 
2016/1/7, 104, 51, 41, 
2016/1/8, 127, 44, 33, 
2016/1/9, 119, 43, 35, 
2016/1/10, 112, 35, 28, 
2016/1/11, 87, 36, 54, 
2016/1/12, 80, 27, 53, 
2016/1/13, 65, 32, 40, 
2016/1/14, 78, 30, 44, 
2016/1/15, 78, 25, 52, 
2016/1/16, 68, 10, 32, 
2016/1/17, 25, 22, 52, 
2016/1/18, 68, 42, 46, 
2016/1/19, 102, 54, 50, 
2016/1/20, 137, 65, 54, 
2016/1/21, 157, 70, 63, 
2016/1/22, 160, 73, 71, 
2016/1/23, 162, 84, 57, 
2016/1/24, 172, 80, 72, 
2016/1/25, 166, 57, 57, 
2016/1/26, 129, 68, 55, 
2016/1/27, 159, 72, 54, 
2016/1/28, 161, 65, 55, 
2016/1/29, 154, 84, 44, 
2016/1/30, 175, 70, 65, 
2016/1/31, 158, 53, 57, 
2016/2/1, 114, 64, 29, 
2016/2/2, 134, 31, , 
2016/2/3, 80, 19, , 
2016/2/4, 57, 37, 44, 
2016/2/5, 82, 49, 46, 
2016/2/6, 109, 35, 41, 
2016/2/7, 91, 29, 43, 
2016/2/8, 76, 38, 55, 
2016/2/9, 93, 14, 53, 
2016/2/10, 50, 22, 57, 
2016/2/11, 57, 33, 39, 
2016/2/12, 85, 47, 38, 
2016/2/13, 122, 37, 37, 
2016/2/14, 93, 36, 42, 
2016/2/15, 91, 17, 40, 
2016/2/16, 50, 15, 40, 
2016/2/17, 42, 30, 39, 
2016/2/18, 85, 35, 56, 
2016/2/19, 93, 21, 45, 
2016/2/20, 57, 28, 45, 
2016/2/21, 68, 60, 49, 
2016/2/22, 127, 65, 43, 
2016/2/23, 154, 43, 43, 
2016/2/24, 95, 28, 44, 
2016/2/25, 61, 46, 41, 
2016/2/26, 95, 24, 35, 
2016/2/27, 68, 16, 45, 
2016/2/28, 53, 11, 51, 
2016/2/29, 30, 35, 50, 
2016/3/1, 85, 36, 37, 
2016/3/2, 91, 8, 53, 
2016/3/3, 30, 24, 43, 
2016/3/4, 68, 16, 31, 
2016/3/5, 55, 31, 41, 
2016/3/6, 87, 40, 50, 
2016/3/7, 93, 38, 49, 
2016/3/8, 87, , 39, 
2016/3/10, 89, 32, 49, 
2016/3/11, 87, 36, 39, 
2016/3/12, 93, 23, 31, 
2016/3/13, 70, 22, 40, 
2016/3/14, 59, 33, 43, 
2016/3/15, 89, 18, 33, 
2016/3/16, 50, 30, 46, 
2016/3/17, 85, 34, 56, 
2016/3/18, 93, 37, 58, 
2016/3/19, 99, 27, 35, 
2016/3/20, 72, 31, 46, 
2016/3/21, 85, 50, 35, 
2016/3/22, 127, , 31, 
2016/3/24, 89, 28, 35, 
2016/3/25, 99, 46, 31, 
2016/3/26, 112, 39, 26, 
2016/3/27, 95, 28, 30, 
2016/3/28, 85, 21, 39, 
2016/3/29, 58, 25, 42, 
2016/3/30, 64, 41, 44, 
2016/3/31, 100, 41, 36, 
2015/10/1, 46, 27, 34, 
2015/10/2, 60, 22, 33, 
2015/10/3, 64, 26, 33, 
2015/10/4, 67, 27, 34, 
2015/10/5, 63, 34, 38, 
2015/10/6, 79, 40, 42, 
2015/10/7, 84, 22, 47, 
2015/10/8, 54, 28, 37, 
2015/10/9, 71, 19, 25, 
2015/10/10, 55, 29, 44, 
2015/10/11, 71, 35, 33, 
2015/10/12, 84, 20, 44, 
2015/10/13, 58, 16, 30, 
2015/10/14, 34, 15, 43, 
2015/10/15, 59, 15, 34, 
2015/10/16, 50, 29, 30, 
2015/10/17, 76, 35, 31, 
2015/10/18, 86, 46, 39, 
2015/10/19, 106, 29, 38, 
2015/10/20, 71, 33, 40, 
2015/10/21, 84, 32, 40, 
2015/10/22, 76, 51, 51, 
2015/10/23, 115, 59, 48, 
2015/10/24, 150, 60, 43, 
2015/10/25, 155, 67, 43, 
2015/10/26, 159, 63, 48, 
2015/10/27, 152, 46, 43, 
2015/10/28, 102, 28, 30, 
2015/10/29, 68, 41, 48, 
2015/10/30, 89, 37, 44, 
2015/10/31, 85, 38, 43, 
2015/11/1, 89, 45, 42, 
2015/11/2, 157, 59, 62, 
2015/11/5, 107, 57, 71, 
2015/11/6, 149, 56, 68, 
2015/11/7, 151, 56, 58, 
2015/11/8, 134, 40, 47, 
2015/11/9, 89, 49, 60, 
2015/11/10, 99, 51, 70, 
2015/11/11, 104, 57, 67, 
2015/11/12, 142, 66, 66, 
2015/11/13, 158, 41, 33, 
2015/11/14, 124, 42, 31, 
2015/11/15, 132, 51, 36, 
2015/11/16, 129, 54, 38, 
2015/11/17, 134, 49, 47, 
2015/11/18, 124, 40, 35, 
2015/11/19, 93, 47, 43, 
2015/11/20, 112, 36, 34, 
2015/11/21, 87, 16, 26, 
2015/11/22, 53, 17, 36, 
2015/11/23, 46, 34, 43, 
2015/11/24, 87, 53, 43, 
2015/11/25, 137, 61, 45, 
2015/11/26, 155, 52, 57, 
2015/11/27, 127, 51, 48, 
2015/11/28, 122, 62, 51, 
2015/11/29, 154, 58, 49, 
2015/11/30, 132, 64, 47, 
2015/12/1, 156, 78, 62, 
2015/12/2, 163, 72, 48, 
2015/12/3, 157, 65, 45, 
2015/12/4, 154, 54, 33, 
2015/12/5, 144, 58, 32, 
2015/12/6, 142, 58, 33, 
2015/12/7, 157, 65, 36, 
2015/12/8, 161, 56, 37, 
2015/12/9, 153, 51, 44, 
2015/12/10, 117, 52, 40, 
2015/12/11, 132, 59, 41, 
2015/12/12, 153, 60, 34, 
2015/12/13, 154, 63, 38, 
2015/12/14, 157, 72, 60, 
2015/12/15, 162, 74, 67, 
2015/12/16, 165, 71, 63, 
2015/12/17, 161, 73, 83, 
2015/12/18, 162, 65, 70, 
2015/12/19, 158, 65, 47, 
2015/12/20, 158, 63, 39, 
2015/12/21, 157, 61, 39, 
2015/12/22, 152, 61, 41, 
2015/12/23, 149, 51, 27, 
2015/12/24, 124, 51, 25, 
2015/12/25, 132, 53, 31, 
2015/12/26, 132, 54, 33, 
2015/12/27, 151, 56, 38, 
2015/12/28, 151, 64, 50, 
2015/12/29, 159, , , 
2016/1/2, 107, 33, 27, 
2016/1/3, 89, 36, 29, 
2015/7/1, 67, 29, 34, 
2015/7/2, 63, 29, 37, 
2015/7/3, 61, 25, 22, 
2015/7/4, 61, 29, 21, 
2015/7/5, 64, 39, 35, 
2015/7/6, 77, 37, 33, 
2015/7/7, 79, 30, 21, 
2015/7/8, 65, 20, 28, 
2015/7/9, 42, 16, 29, 
2015/7/10, 25, 20, 22, 
2015/7/11, 45, 24, 21, 
2015/7/12, 58, 30, 32, 
2015/7/13, 59, 27, 34, 
2015/7/14, 55, 33, 38, 
2015/7/15, 67, 31, 30, 
2015/7/16, 65, 24, 39, 
2015/7/17, 53, 21, 26, 
2015/7/18, 53, 20, 22, 
2015/7/19, 50, 27, 21, 
2015/7/20, 56, 26, 35, 
2015/7/21, 62, 31, 46, 
2015/7/22, 67, 20, 34, 
2015/7/23, 53, 28, 28, 
2015/7/24, 62, 20, 20, 
2015/7/25, 53, 13, 18, 
2015/7/26, 26, 22, 30, 
2015/7/27, 53, 28, 27, 
2015/7/28, 56, 25, 31, 
2015/7/29, 46, 20, 31, 
2015/7/30, 42, 11, 20, 
2015/7/31, 21, 15, 23, 
2015/8/1, 33, 19, 20, 
2015/8/2, 52, 28, 35, 
2015/8/3, 60, 29, 39, 
2015/8/4, 64, 28, 37, 
2015/8/5, 63, 29, 36, 
2015/8/6, 64, 37, 34, 
2015/8/7, 75, 32, 29, 
2015/8/8, 72, 20, 16, 
2015/8/9, 31, 22, 24, 
2015/8/10, 66, 26, 28, 
2015/8/11, 55, 35, 34, 
2015/8/12, 85, 33, 39, 
2015/8/13, 85, 33, 27, 
2015/8/14, 76, 16, 15, 
2015/8/15, 47, 13, 15, 
2015/8/16, 34, 16, 16, 
2015/8/17, 34, 17, 18, 
2015/8/18, 30, 13, 20, 
2015/8/19, 33, 13, 28, 
2015/8/20, 41, 15, 17, 
2015/8/21, 42, 19, 17, 
2015/8/22, 52, 16, 16, 
2015/8/23, 54, 28, 20, 
2015/8/24, 73, 27, 29, 
2015/8/25, 61, 27, 29, 
2015/8/26, 61, 29, 34, 
2015/8/27, 63, 29, 36, 
2015/8/28, 61, 32, 49, 
2015/8/29, 69, 27, 36, 
2015/8/30, 63, 20, 38, 
2015/8/31, 55, 26, 41, 
2015/9/1, 58, 22, 28, 
2015/9/2, 57, 18, 37, 
2015/9/3, 34, 16, 34, 
2015/9/4, 30, 7, 26, 
2015/9/5, 25, 8, 30, 
2015/9/6, 25, 16, 36, 
2015/9/7, 45, 17, 41, 
2015/9/8, 42, 19, 41, 
2015/9/9, 45, 21, 36, 
2015/9/10, 54, 23, 35, 
2015/9/11, 55, 30, 29, 
2015/9/12, 71, 26, 23, 
2015/9/13, 68, 24, 41, 
2015/9/14, 57, 23, 40, 
2015/9/15, 53, 29, 37, 
2015/9/16, 50, 30, 36, 
2015/9/17, 50, , 36, 
2015/9/19, 63, 17, 34, 
2015/9/20, 42, 27, 52, 
2015/9/21, 60, 27, 41, 
2015/9/22, 61, 15, 42, 
2015/9/23, 38, 16, 45, 
2015/9/24, 45, 24, 51, 
2015/9/25, 49, 26, 46, 
2015/9/26, 58, 22, 29, 
2015/9/27, 50, 22, 31, 
2015/9/28, 38, 22, 35, 
2015/9/29, 41, 25, 32, 
2015/9/30, 60, 20, 34, 
2015/4/1, 31, 13, 44, 
2015/4/2, 45, 20, 30, 
2015/4/3, 64, 17, 22, 
2015/4/4, 55, 15, 22, 
2015/4/5, 56, 12, 27, 
2015/4/6, 60, 16, 44, 
2015/4/7, 55, 32, 47, 
2015/4/8, 89, 46, 52, 
2015/4/9, 127, 47, 49, 
2015/4/10, 122, 28, 38, 
2015/4/11, 74, 34, 34, 
2015/4/12, 84, 46, 48, 
2015/4/13, 108, 36, 54, 
2015/4/14, 89, 42, 47, 
2015/4/15, 106, 30, 36, 
2015/4/16, 79, 23, 45, 
2015/4/17, 61, 28, 30, 
2015/4/18, 77, 15, 21, 
2015/4/19, 55, 29, 43, 
2015/4/20, 91, 34, 52, 
2015/4/21, 87, 30, 45, 
2015/4/22, 78, 20, 27, 
2015/4/23, 68, 27, 31, 
2015/4/24, 69, 35, 32, 
2015/4/25, 84, 34, 25, 
2015/4/26, 92, 21, 35, 
2015/4/27, 60, 20, 36, 
2015/4/28, 46, 21, 42, 
2015/4/29, 69, 20, 44, 
2015/4/30, 70, 21, 33, 
2015/5/1, 57, 16, 24, 
2015/5/2, 58, 28, 24, 
2015/5/3, 59, 28, 37, 
2015/5/4, 57, 49, 44, 
2015/5/5, 104, 51, 49, 
2015/5/6, 102, 38, 46, 
2015/5/7, 79, 34, 50, 
2015/5/8, 76, 15, 34, 
2015/5/9, 55, 14, 43, 
2015/5/10, 42, 26, 61, 
2015/5/11, 70, 28, 41, 
2015/5/12, 68, 29, 60, 
2015/5/13, 71, 28, 31, 
2015/5/14, 63, 21, 28, 
2015/5/15, 59, 14, 20, 
2015/5/16, 35, 20, 24, 
2015/5/17, 52, 26, 34, 
2015/5/18, 64, 22, 30, 
2015/5/19, 59, 11, 39, 
2015/5/20, 35, 10, 38, 
2015/5/21, 21, 17, 28, 
2015/5/22, 55, 13, 33, 
2015/5/23, 42, 8, 23, 
2015/5/24, 25, 16, 40, 
2015/5/25, 53, 17, 40, 
2015/5/26, 56, 12, 38, 
2015/5/27, 50, 19, 29, 
2015/5/28, 58, 22, 32, 
2015/5/29, 62, 19, 25, 
2015/5/30, 55, 21, 17, 
2015/5/31, 58, 25, 26, 
2015/6/1, 67, 15, 19, 
2015/6/2, 53, 21, 39, 
2015/6/3, 56, 34, 58, 
2015/6/4, 79, 34, 53, 
2015/6/5, 72, 33, 29, 
2015/6/6, 79, 18, 21, 
2015/6/7, 47, 17, 34, 
2015/6/8, 46, 18, 31, 
2015/6/9, 49, 24, 36, 
2015/6/10, 67, 29, 41, 
2015/6/11, 73, 34, 50, 
2015/6/12, 77, 32, 33, 
2015/6/13, 79, 21, 25, 
2015/6/14, 54, 20, 26, 
2015/6/15, 50, 16, 34, 
2015/6/16, 18, 15, 34, 
2015/6/17, 37, 26, 38, 
2015/6/18, 61, 34, 41, 
2015/6/19, 77, 13, 77, 
2015/6/20, 39, 14, 27, 
2015/6/21, 45, 19, 31, 
2015/6/22, 52, 20, 34, 
2015/6/23, 50, 9, 24, 
2015/6/24, 18, 15, 35, 
2015/6/25, 29, 24, 41, 
2015/6/26, 53, 23, 32, 
2015/6/27, 56, 15, 22, 
2015/6/28, 38, 19, 28, 
2015/6/29, 41, 20, 34, 
2015/6/30, 49, 32, 39, 
2015/1/1, 147, 58, 37, 
2015/1/2, 153, 63, 48, 
2015/1/3, 156, 46, 55, 
2015/1/4, 117, 28, 51, 
2015/1/5, 74, 50, 40, 
2015/1/6, 124, 67, 39, 
2015/1/7, 161, 61, 39, 
2015/1/8, 153, 66, 57, 
2015/1/9, 156, 49, 42, 
2015/1/10, 114, 56, 25, 
2015/1/11, 153, 27, 43, 
2015/1/12, 72, 58, , 
2015/1/13, 147, , , 
2015/1/15, 154, 60, 37, 
2015/1/16, 153, 30, 43, 
2015/1/17, 78, 30, 40, 
2015/1/18, 82, 48, 60, 
2015/1/19, 117, , 44, 
2015/1/21, 95, 26, 38, 
2015/1/22, 80, 41, 57, 
2015/1/23, 97, 54, 58, 
2015/1/24, 129, 13, 41, 
2015/1/25, 34, 25, 48, 
2015/1/26, 68, 60, 73, 
2015/1/27, 151, 51, 57, 
2015/1/28, 117, 56, 74, 
2015/1/29, 134, 33, 53, 
2015/1/30, 91, 38, 49, 
2015/1/31, 91, 46, 57, 
2015/2/1, 119, 40, 69, 
2015/2/2, 87, 54, 46, 
2015/2/3, 132, 50, 51, 
2015/2/4, 104, 20, 42, 
2015/2/5, 46, 19, 53, 
2015/2/6, 61, 24, 40, 
2015/2/7, 68, 32, 43, 
2015/2/8, 91, 49, 59, 
2015/2/9, 122, 69, 61, 
2015/2/10, 161, 79, 72, 
2015/2/11, 168, 91, 60, 
2015/2/12, 181, 95, 53, 
2015/2/13, 181, 52, 42, 
2015/2/14, 129, 23, 41, 
2015/2/15, 59, 35, 54, 
2015/2/16, 63, 47, 53, 
2015/2/17, 112, 50, 44, 
2015/2/18, 122, 66, 51, 
2015/2/19, 156, 61, 60, 
2015/2/20, 154, 52, 33, 
2015/2/21, 142, 15, 40, 
2015/2/22, 53, 43, 63, 
2015/2/23, 97, 25, 48, 
2015/2/24, 63, 14, 50, 
2015/2/25, 38, 26, 55, 
2015/2/26, 63, 50, 53, 
2015/2/27, 104, 55, 59, 
2015/2/28, 129, 52, 52, 
2015/3/1, 124, 36, 53, 
2015/3/2, 91, 32, 58, 
2015/3/3, 80, 50, 49, 
2015/3/4, 119, 12, 45, 
2015/3/5, 42, 20, 48, 
2015/3/6, 55, 26, 47, 
2015/3/7, 65, 45, 50, 
2015/3/8, 107, 46, 44, 
2015/3/9, 107, 62, 55, 
2015/3/10, 152, 74, 65, 
2015/3/11, 161, 40, 43, 
2015/3/12, 91, 48, 48, 
2015/3/13, 102, 40, 46, 
2015/3/14, 91, 40, 38, 
2015/3/15, 93, 34, 43, 
2015/3/16, 87, 33, 49, 
2015/3/17, 85, 52, 44, 
2015/3/18, 122, 67, 48, 
2015/3/19, 155, 52, 44, 
2015/3/20, 114, 51, 31, 
2015/3/21, 119, 32, 35, 
2015/3/22, 89, , 42, 
2015/3/25, 95, 26, 37, 
2015/3/26, 76, 18, 35, 
2015/3/27, 65, 10, 53, 
2015/3/28, 68, 30, 42, 
2015/3/29, 85, 19, 46, 
2015/3/30, 39, 19, 43, 
2015/3/31, 58, 10, 34, 
2014/10/6, 93, 40, 41, 
2014/10/7, 94, 35, , 
2014/10/8, 56, 51, , 
2014/10/9, 100, 57, 44, 
2014/10/10, 127, 43, 43, 
2014/10/11, 94, 37, 31, 
2014/10/12, 74, 24, 35, 
2014/10/13, 43, 28, 37, 
2014/10/14, 76, 29, 38, 
2014/10/15, 68, 29, 42, 
2014/10/16, 68, 34, 51, 
2014/10/17, 55, 49, 43, 
2014/10/18, 91, 51, 33, 
2014/10/19, 108, 52, 45, 
2014/10/20, 118, 44, 42, 
2014/10/21, 94, 16, 29, 
2014/10/22, 47, 10, 46, 
2014/10/23, 42, 31, 58, 
2014/10/24, 72, 23, 35, 
2014/10/25, 61, 32, 41, 
2014/10/26, 79, 34, 38, 
2014/10/27, 84, 47, 49, 
2014/10/28, 109, 56, 47, 
2014/10/29, 142, 73, 49, 
2014/10/30, 163, 88, 69, 
2014/10/31, 149, 79, 57, 
2014/11/1, 170, 62, 66, 
2014/11/2, 155, 54, 48, 
2014/11/3, 127, 32, 35, 
2014/11/4, 65, 17, 35, 
2014/11/5, 42, 23, 43, 
2014/11/6, 61, 32, 46, 
2014/11/7, 76, 35, 33, 
2014/11/8, 78, 38, 27, 
2014/11/9, 89, 16, 31, 
2014/11/10, 50, 13, 37, 
2014/11/11, 34, 20, 42, 
2014/11/12, 46, 20, 45, 
2014/11/13, 50, 51, 43, 
2014/11/14, 117, 25, 30, 
2014/11/15, 70, 13, 34, 
2014/11/16, 38, 18, 35, 
2014/11/17, 63, 17, 37, 
2014/11/18, 55, 40, 35, 
2014/11/19, 102, 55, 53, 
2014/11/20, 147, 57, 58, 
2014/11/21, 144, 66, 51, 
2014/11/22, 156, 65, 50, 
2014/11/23, 158, 64, 53, 
2014/11/24, 157, 76, 60, 
2014/11/25, 165, , 31, 
2014/12/2, 68, 31, 28, 
2014/12/3, 78, 23, 28, 
2014/12/4, 59, 30, 33, 
2014/12/5, 78, 29, 32, 
2014/12/6, 74, 20, 33, 
2014/12/7, 53, 34, 29, 
2014/12/8, 91, 17, 41, 
2014/12/9, 53, 41, 60, 
2014/12/10, 95, 54, 47, 
2014/12/11, 85, 59, 54, 
2014/12/12, 151, 61, 42, 
2014/12/13, 154, 60, 39, 
2014/12/14, 155, 58, 42, 
2014/12/15, 152, 30, 43, 
2014/12/16, 82, 49, 48, 
2014/12/17, 114, 52, 53, 
2014/12/18, 132, 66, 67, 
2014/12/19, 158, 52, 35, 
2014/12/20, 134, 40, 38, 
2014/12/21, 102, 42, 42, 
2014/12/22, 107, 48, 41, 
2014/12/23, 122, 42, 35, 
2014/12/24, 109, 46, 30, 
2014/12/25, 122, 18, 34, 
2014/12/26, 42, 30, 34, 
2014/12/27, 87, 40, 30, 
2014/12/28, 117, , , 
2022/11/7, , 46, 38, 
2022/8/2, , 40, 17, 
2022/8/5, , 21, 23, 
2022/8/16, , 26, 7, 
2022/7/21, , 30, 18, 
2022/7/22, , 29, 17, 
2022/7/23, , 27, 11, 
2022/7/24, , 32, 23, 
2022/7/25, , 30, 21, 
2022/5/2, , 22, 37, 
2022/5/19, , 32, 21, 
2022/4/9, , 26, 15, 
2022/4/11, , 24, 44, 
2022/4/27, , 24, 26, 
2022/2/19, , 50, 40, 
2021/10/15, , 54, 41, 
2021/10/18, , 5, 46, 
2021/10/19, , 1, 39, 
2021/10/21, , 47, 38, 
2021/12/23, , 50, 28, 
2021/7/4, , 29, , 
2021/7/6, , 29, 25, 
2021/8/1, , 12, 11, 
2021/8/3, , 22, 24, 
2021/9/15, , 28, 26, 
2021/9/27, , 5, 37, 
2021/4/6, , 16, 32, 
2021/4/21, , 36, 31, 
2021/5/5, , 26, , 
2021/5/26, , 1, 26, 
2021/5/28, , 24, 21, 
2021/1/3, , 14, 27, 
2021/1/14, , 30, 28, 
2021/1/22, , 10, 31, 
2021/3/2, , 65, 45, 
2021/3/9, , 50, 41, 
2020/3/31, , 21, 20, 
2020/5/28, , 15, 22, 
2019/12/31, , 113, 38, 
2020/3/2, , 24, 32, 
2020/3/27, , 66, 25, 
2019/9/30, , 33, 37, 
2019/12/27, , 53, 36, 
2019/8/13, , 8, 17, 
2019/9/3, , 22, 36, 
2019/6/4, , 19, 9, 
2019/6/12, , 13, 22, 
2019/6/28, , 25, 13, 
2018/12/31, , 70, 31, 
2019/3/19, , 24, 32, 
2018/12/4, , 61, 57, 
2018/7/12, , 24, , 
2018/9/11, , 47, 38, 
2018/5/10, , 30, 39, 
2018/1/4, , 54, 40, 
2018/2/28, , 55, 44, 
2018/3/9, , 13, 34, 
2017/8/2, , 37, 38, 
2017/8/24, , 28, 25, 
2017/2/12, , 52, 24, 
2017/3/5, , 27, 44, 
2017/3/11, , 16, , 
2016/8/25, , 25, 29, 
2016/9/8, , 55, , 
2016/5/13, , 26, 27, 
2016/5/14, , 15, 23, 
2016/5/15, , 15, 28, 
2016/5/16, , 45, 35, 
2016/5/21, , 12, 26, 
2016/3/9, , 33, 48, 
2016/3/23, , 38, 42, 
2015/11/4, , 51, 50, 
2015/12/31, , 61, 25, 
2016/1/1, , 40, 26, 
2015/9/18, , 32, 28, 
2014/12/31, , 55, 32, 
2015/1/14, , 60, , 
2015/1/20, , 38, 55, 
2015/3/24, , 32, 43, 
2014/10/5, , 40, 41, 
2014/12/1, , 30, 29, 
2022/11/6, , , 34, 
2022/8/1, , , 24, 
2022/8/4, , , 24, 
2022/8/14, , , 10, 
2022/8/15, , , 6, 
2022/7/29, , , 13, 
2022/7/30, , , 17, 
2022/5/1, , , 16, 
2022/5/18, , , 26, 
2022/4/30, , , 16, 
2021/10/20, , , 33, 
2021/12/21, , , 34, 
2021/12/22, , , 26, 
2021/7/3, , , 8, 
2021/4/5, , , 15, 
2021/5/27, , , 30, 
2021/1/12, , , 47, 
2021/1/13, , , 36, 
2021/1/20, , , 29, 
2021/1/21, , , 28, 
2021/3/1, , , 38, 
2021/3/6, , , 27, 
2021/3/7, , , 28, 
2021/3/8, , , 35, 
2020/9/22, , , 29, 
2020/5/27, , , 33, 
2019/6/3, , , 11, 
2018/2/26, , , 42, 
2018/2/27, , , 43, 
2018/3/8, , , 48, 
2016/8/23, , , 30, 
2016/8/24, , , 28, 
2015/11/3, , , 43, 
2015/3/23, , , 49, 
2014/11/26, , , 30, 
2014/11/27, , , 33, 
2014/11/28, , , 38, 
2014/11/29, , , 31, 
2014/11/30, , , 36, 