date, pm25, o3, no2, co
2022/11/1, 40, 28, 20, 3
2022/11/2, 45, 23, 25, 3
2022/11/3, 53, 17, 26, 4
2022/11/4, 47, 24, 10, 1
2022/11/5, 31, 21, 6, 1
2022/11/6, 37, 31, 9, 1
2022/11/7, 26, 22, 7, 1
2022/11/8, 23, 18, 14, 2
2022/11/9, 26, 15, 28, 3
2022/11/10, 43, 100, 21, 4
2022/11/11, 41, 24, 7, 1
2022/11/12, 41, 14, 5, 1
2022/11/13, 27, 23, 9, 1
2022/11/14, 28, 19, 18, 1
2022/11/15, 22, , , 
2022/11/17, 38, 18, 14, 
2022/11/18, 43, 17, 13, 
2022/11/19, 38, 23, 11, 
2022/11/20, 33, , , 
2022/10/1, 21, 20, 3, 1
2022/10/2, 19, 17, 6, 1
2022/10/3, 17, 14, 8, 1
2022/10/4, 24, 11, 9, 1
2022/10/5, 27, 32, 12, 2
2022/10/6, 35, 40, 19, 2
2022/10/7, 46, 20, 4, 1
2022/10/8, 20, 27, 13, 2
2022/10/9, 33, 27, 20, 2
2022/10/10, 41, 25, 24, 3
2022/10/11, 52, 37, 16, 2
2022/10/12, 42, 30, 14, 1
2022/10/13, 28, 26, 14, 2
2022/10/14, 32, 33, 16, 3
2022/10/15, 46, 21, 13, 2
2022/10/16, 44, 25, 21, 3
2022/10/17, 41, 17, 9, 2
2022/10/18, 33, 13, 12, 2
2022/10/19, 26, 21, 14, 2
2022/10/20, 26, 18, 27, 3
2022/10/21, 45, 28, 31, 3
2022/10/22, 55, 25, 13, 3
2022/10/23, 38, 18, 9, 2
2022/10/24, 29, 10, 15, 3
2022/10/25, 50, 18, 15, 1
2022/10/26, 29, 23, 7, 1
2022/10/27, 23, 16, 12, 2
2022/10/28, 32, 20, 20, 3
2022/10/29, 36, 18, 26, 4
2022/10/30, 63, 17, 28, 4
2022/10/31, 50, 13, 16, 2
2022/9/1, 29, 32, 7, 1
2022/9/2, 20, 32, 9, 2
2022/9/3, 23, 36, 9, 2
2022/9/4, 36, 40, 9, 2
2022/9/5, 45, 24, 13, 2
2022/9/6, 30, 22, 7, 1
2022/9/7, 19, 30, 11, 1
2022/9/8, 25, 28, 13, 2
2022/9/9, 35, 33, 12, 2
2022/9/10, 40, 19, 11, 2
2022/9/11, 30, 8, 13, 2
2022/9/12, 33, 33, 14, 2
2022/9/13, 27, 29, 8, 1
2022/9/14, 29, 25, 6, 1
2022/9/15, 24, 26, 15, 2
2022/9/16, 21, 40, 5, 1
2022/9/17, 21, 41, 10, 2
2022/9/18, 40, 40, 13, 2
2022/9/19, 51, 25, 7, 1
2022/9/20, 30, 36, 9, 2
2022/9/21, 27, 26, 11, 2
2022/9/22, 33, 24, 4, 1
2022/9/23, 10, 23, 6, 1
2022/9/24, 17, 28, 12, 2
2022/9/25, 30, 26, 10, 1
2022/9/26, 25, 21, 9, 1
2022/9/27, 24, 20, 7, 1
2022/9/28, 18, 20, 7, 1
2022/9/29, 17, 19, 7, 1
2022/9/30, 21, 16, 5, 1
2022/8/1, 34, 43, 25, 2
2022/8/2, 41, 46, , 2
2022/8/3, 37, 56, , 2
2022/8/4, 51, 50, 14, 2
2022/8/5, 44, 49, 10, 2
2022/8/6, 29, 30, 6, 1
2022/8/7, 26, 40, 11, 1
2022/8/8, 35, 42, 8, 1
2022/8/9, 41, 40, 7, 1
2022/8/10, 24, 48, 10, 1
2022/8/11, 38, 22, 3, 1
2022/8/12, 21, 98, 3, 1
2022/8/13, 15, , , 
2022/8/15, 25, 33, 8, 1
2022/8/16, 26, 26, 10, 1
2022/8/17, 29, 33, 11, 1
2022/8/18, 39, 47, 11, 2
2022/8/19, 45, 42, 10, 2
2022/8/20, 49, 34, 6, 1
2022/8/21, 31, 23, 11, 2
2022/8/22, 28, 41, 10, 1
2022/8/23, 34, 35, 7, 1
2022/8/24, 37, 42, 10, 1
2022/8/25, 42, 34, 20, 2
2022/8/26, 58, 45, 7, 2
2022/8/27, 52, 35, 4, 1
2022/8/28, 40, 32, 9, 1
2022/8/29, 40, 26, 8, 1
2022/8/30, 25, 29, 6, 1
2022/8/31, 26, 35, 7, 1
2022/7/1, 53, 45, 6, 3
2022/7/2, 32, 35, 5, 1
2022/7/3, 29, 35, 7, 1
2022/7/4, 38, 40, 15, 2
2022/7/5, 53, 35, 5, 1
2022/7/6, 19, 31, 6, 1
2022/7/7, 10, 36, 18, 3
2022/7/8, 27, 34, 8, 2
2022/7/9, 23, 35, 5, 1
2022/7/10, 21, 45, 9, 1
2022/7/11, 19, 56, 10, 1
2022/7/12, 30, 54, 7, 1
2022/7/13, 28, 46, 6, 1
2022/7/14, 22, 39, 7, 1
2022/7/15, 25, 48, 6, 2
2022/7/16, 34, 44, 11, 2
2022/7/17, 33, 28, 17, 3
2022/7/18, 40, 39, 5, 1
2022/7/19, 38, 61, , 
2022/7/21, 53, 50, , 2
2022/7/22, 51, 58, , 2
2022/7/23, 58, 50, , 2
2022/7/24, 59, 33, , 2
2022/7/25, 67, 36, , 1
2022/7/26, 26, 56, 13, 2
2022/7/27, 33, 48, 14, 2
2022/7/28, 46, 35, 9, 1
2022/7/29, 41, 28, 4, 1
2022/7/30, 23, 36, 7, 2
2022/7/31, 24, 31, 13, 3
2022/6/1, 16, 33, 12, 2
2022/6/2, 31, 33, 12, 2
2022/6/3, 30, 45, 13, 2
2022/6/4, 31, 44, 6, 1
2022/6/5, 14, 45, 14, 4
2022/6/6, 26, 30, 8, 2
2022/6/7, 17, 44, 9, 2
2022/6/8, 21, 37, 8, 1
2022/6/9, 14, 33, 5, 1
2022/6/10, 16, 32, 11, 3
2022/6/11, 28, 37, 9, 3
2022/6/12, 26, 51, 10, 3
2022/6/13, 37, 35, 7, 1
2022/6/14, 16, 37, 12, 1
2022/6/15, 23, 24, 10, 1
2022/6/16, 12, 40, 9, 2
2022/6/17, 30, 27, 1, 1
2022/6/18, 9, 25, 2, 
2022/6/19, 9, 31, 6, 2
2022/6/20, 25, 37, 21, 3
2022/6/21, 49, 40, 16, 1
2022/6/22, 23, 33, 10, 1
2022/6/23, 21, 38, 16, 3
2022/6/24, 38, 52, 11, 3
2022/6/25, 45, 50, 11, 4
2022/6/26, 39, 22, 13, 2
2022/6/27, 34, 31, 9, 1
2022/6/28, 19, 50, 18, 3
2022/6/29, 30, 48, 12, 2
2022/6/30, 35, 60, 14, 2
2022/5/1, 39, 40, 17, 2
2022/5/2, 41, 30, 8, 1
2022/5/3, 28, 19, 12, 2
2022/5/4, 49, 32, , 2
2022/5/5, 26, 33, , 3
2022/5/6, 29, 36, 8, 1
2022/5/7, 24, 31, 4, 1
2022/5/8, 22, 41, 7, 1
2022/5/9, 22, 39, 7, 1
2022/5/10, 31, 37, 13, 2
2022/5/11, 44, 29, 13, 2
2022/5/12, 22, 16, 11, 2
2022/5/13, 16, 20, 14, 3
2022/5/14, 13, 27, 11, 2
2022/5/15, 9, 32, , 3
2022/5/16, 36, 36, , 1
2022/5/17, 16, 34, , 1
2022/5/18, 15, 24, , 2
2022/5/19, 29, 25, , 3
2022/5/20, 38, 54, 15, 4
2022/5/21, 53, 43, 12, 3
2022/5/22, 54, 29, 4, 1
2022/5/23, 12, 24, 11, 1
2022/5/24, 13, 25, 10, 1
2022/5/25, 13, 27, 10, 1
2022/5/26, 17, 21, 10, 2
2022/5/27, 23, 29, 7, 1
2022/5/28, 17, 38, 6, 1
2022/5/29, 23, 47, 14, 3
2022/5/30, 46, 42, 7, 2
2022/5/31, 39, 22, 8, 1
2022/4/6, 75, 31, 13, 2
2022/4/7, 34, 30, 15, 3
2022/4/8, 26, 35, , 3
2022/4/9, 22, 29, , 1
2022/4/10, 19, 26, , 2
2022/4/11, 30, 24, , 4
2022/4/12, 33, 36, , 6
2022/4/13, 43, 38, , 4
2022/4/14, 44, 30, , 2
2022/4/15, 13, 39, , 2
2022/4/16, 16, 37, , 1
2022/4/17, 10, 27, , 1
2022/4/18, 9, 24, , 1
2022/4/19, 21, 26, , 2
2022/4/20, 32, 29, , 3
2022/4/21, 35, 32, , 2
2022/4/22, 27, 34, , 2
2022/4/23, 21, 31, , 2
2022/4/24, 28, 36, , 2
2022/4/25, 25, 27, , 2
2022/4/26, 36, 24, 5, 1
2022/4/27, 18, 26, 5, 1
2022/4/28, 19, 35, 7, 1
2022/4/29, 23, 36, 9, 1
2022/4/30, 25, 35, 16, 2
2022/3/1, 32, 30, , 
2022/3/4, 36, 25, , 3
2022/3/5, 53, 8, 20, 5
2022/3/6, 56, 30, 16, 2
2022/3/7, 54, 33, 7, 1
2022/3/8, 29, 16, 26, 3
2022/3/9, 27, 25, 29, 4
2022/3/10, 57, 30, 36, 4
2022/3/11, 47, 31, 14, 2
2022/3/12, 33, 27, , 2
2022/3/13, 42, 29, , 3
2022/3/14, 44, 36, , 3
2022/3/15, 46, 36, , 2
2022/3/16, 55, 23, , 3
2022/3/17, 66, 30, , 3
2022/3/18, 63, 30, 19, 3
2022/3/19, 47, 28, 5, 1
2022/3/20, 15, 36, 7, 1
2022/3/21, 25, 35, 8, 1
2022/3/22, 20, 24, 11, 1
2022/3/23, 17, 23, 10, 2
2022/3/24, 23, 26, 19, 3
2022/3/25, 31, 26, , 2
2022/3/26, 26, 27, , 2
2022/3/27, 23, 28, , 1
2022/3/28, 40, 28, , 2
2022/3/29, 38, 23, , 2
2022/3/30, 34, 24, , 5
2022/3/31, 60, , , 
2022/2/1, 53, 6, , 5
2022/2/2, 54, 4, , 5
2022/2/3, 49, 21, , 3
2022/2/4, 29, 26, , 2
2022/2/5, 59, 20, , 2
2022/2/6, 31, 6, 32, 6
2022/2/7, 53, 26, 19, 3
2022/2/8, 49, 15, 26, 3
2022/2/9, 56, 26, 29, 4
2022/2/10, 40, 29, 30, 4
2022/2/11, 43, 27, 14, 2
2022/2/12, 39, 20, 6, 2
2022/2/13, 33, 26, , 2
2022/2/14, 48, 25, , 2
2022/2/15, 46, 24, , 3
2022/2/16, 35, 27, , 2
2022/2/17, 35, 29, , 1
2022/2/18, 36, 31, , 2
2022/2/19, 35, 28, , 2
2022/2/20, 32, 16, , 3
2022/2/21, 49, 24, , 5
2022/2/22, 56, 28, , 2
2022/2/23, 44, 22, , 1
2022/2/24, 29, 19, , 2
2022/2/25, 31, 28, 10, 2
2022/2/26, 46, 33, 12, 2
2022/2/27, 46, 29, 11, 1
2022/2/28, 32, 26, 29, 2
2022/1/3, 29, 18, , 2
2022/1/4, 77, 12, , 3
2022/1/5, 114, 18, , 2
2022/1/6, 113, 21, , 2
2022/1/7, 112, 25, , 2
2022/1/8, 108, , , 
2022/1/9, 113, 25, , 1
2022/1/10, 111, 22, 16, 2
2022/1/11, 79, 12, 28, 3
2022/1/12, 52, 1, 42, 8
2022/1/13, 73, 20, 19, 3
2022/1/14, 54, 22, 12, 2
2022/1/15, 46, 23, 15, 2
2022/1/16, 47, 25, 9, 2
2022/1/17, 40, 26, , 1
2022/1/18, 56, 16, , 3
2022/1/19, 49, 22, , 2
2022/1/20, 51, 24, , 2
2022/1/21, 39, 20, , 2
2022/1/22, 41, 19, , 2
2022/1/23, 55, 18, , 3
2022/1/24, 64, 23, , 2
2022/1/25, 72, 25, , 2
2022/1/26, 39, 20, , 3
2022/1/27, 47, 12, , 4
2022/1/28, 52, 28, , 2
2022/1/29, 34, 26, , 2
2022/1/30, 46, 18, , 4
2022/1/31, 55, 23, , 4
2021/10/1, 95, 34, , 2
2021/10/2, 98, , , 
2021/10/3, 107, , , 
2021/10/4, 110, , , 
2021/10/5, 101, , , 
2021/10/6, 98, , , 
2021/10/7, 107, , , 
2021/10/8, 108, , , 
2021/10/9, 101, , , 
2021/10/10, 97, , , 
2021/10/11, 99, , , 
2021/10/12, 106, , , 
2021/10/13, 104, , , 
2021/10/14, 104, , , 
2021/10/15, 107, , , 
2021/10/16, 107, , , 
2021/10/17, 93, , , 
2021/10/18, 86, , , 
2021/10/19, 91, , , 
2021/10/20, 95, , 17, 
2021/10/21, 101, , 9, 
2021/10/22, 102, , 6, 
2021/10/23, 91, , 11, 
2021/10/24, 89, , 20, 
2021/10/25, 106, , 8, 
2021/10/26, 105, , 3, 
2021/10/27, 92, , , 
2021/10/28, 88, 25, , 1
2021/10/29, 90, 23, 10, 1
2021/10/30, 99, 19, 8, 2
2021/10/31, 97, 23, 11, 1
2021/11/1, 90, 18, 17, 2
2021/11/2, 90, 20, 12, 2
2021/11/3, 91, 22, 17, 2
2021/11/4, 91, 21, 19, 2
2021/11/5, 92, 24, , 3
2021/11/6, 86, 23, , 3
2021/11/7, 88, 28, , 3
2021/11/8, 89, 27, , 5
2021/11/9, 96, 27, , 4
2021/11/10, 97, 25, , 3
2021/11/11, 97, 31, , 1
2021/11/12, 101, 25, , 4
2021/11/13, 96, 13, , 2
2021/11/14, 93, 15, , 2
2021/11/15, 93, 17, , 3
2021/11/16, 93, 20, , 4
2021/11/17, 98, 25, , 3
2021/11/18, 110, 19, , 2
2021/11/19, 114, 19, , 2
2021/11/20, 115, 23, 14, 2
2021/11/21, 103, 16, 10, 2
2021/11/22, 105, 22, 8, 2
2021/11/23, 115, 20, 13, 2
2021/11/24, 113, 11, 24, 4
2021/11/25, 113, 17, 14, 3
2021/11/26, 109, 22, 5, 2
2021/11/27, 110, 15, 15, 4
2021/11/28, 114, 20, 10, 3
2021/11/29, 114, 10, 15, 3
2021/11/30, 114, 20, 12, 3
2021/12/1, 112, 23, 14, 3
2021/12/2, 108, 25, , 1
2021/12/3, 109, 17, , 3
2021/12/4, 112, 21, , 3
2021/12/5, 111, 25, , 3
2021/12/6, 101, 18, , 2
2021/12/7, 107, 10, , 3
2021/12/8, 111, 19, , 3
2021/12/9, 115, 12, 32, 4
2021/12/10, 111, 24, 21, 5
2021/12/11, 108, 26, 8, 1
2021/12/12, 114, 13, 22, 2
2021/12/13, 111, 20, 20, 2
2021/12/14, 110, 19, 26, 3
2021/12/15, 114, 13, 17, 3
2021/12/16, 97, 25, , 2
2021/12/17, 102, 13, , 3
2021/12/18, 85, 20, , 2
2021/12/19, 109, 18, , 2
2021/12/20, 110, 5, , 4
2021/12/21, 114, 21, , 3
2021/12/22, 116, 19, , 1
2021/12/23, 106, 9, 19, 3
2021/12/24, 115, 4, 24, 6
2021/12/25, 113, 22, 7, 2
2021/12/26, 78, 15, 17, 2
2021/12/27, 112, 8, 22, 3
2021/12/28, 107, 5, 18, 3
2021/12/29, 115, 1, 22, 4
2021/12/30, 91, 9, 23, 3
2021/12/31, 90, 8, 19, 3
2022/1/1, 92, 15, , 3
2022/1/2, 96, 21, , 2
2021/7/1, 35, 31, 13, 1
2021/7/2, 27, 10, 5, 
2021/7/3, 5, 33, 8, 1
2021/7/4, 47, 41, 10, 2
2021/7/5, 88, 53, 10, 1
2021/7/6, 54, 58, 15, 2
2021/7/7, 62, 33, 11, 2
2021/7/8, 38, 29, 7, 
2021/7/9, 50, 30, 8, 2
2021/7/10, 23, 36, 9, 2
2021/7/11, 32, 31, 14, 2
2021/7/12, 43, 22, 6, 1
2021/7/13, 49, 43, 10, 2
2021/7/14, 79, 61, 14, 2
2021/7/15, 59, 53, 10, 2
2021/7/16, 85, 48, 12, 3
2021/7/17, 113, 31, 6, 1
2021/7/18, 111, 27, 4, 2
2021/7/19, 98, 41, , 5
2021/7/20, 141, 44, , 4
2021/7/21, 114, 31, , 2
2021/7/22, 105, 31, , 2
2021/7/23, 104, 43, , 2
2021/7/24, 108, 40, , 2
2021/7/25, 103, 47, , 4
2021/7/26, 120, 75, , 4
2021/7/27, 108, 35, , 2
2021/7/28, 101, 35, , 2
2021/7/29, 113, 32, , 2
2021/7/30, 108, 29, , 1
2021/7/31, 103, 40, , 2
2021/8/1, 109, 24, , 2
2021/8/2, 105, 36, 17, 2
2021/8/3, 100, 35, 12, 2
2021/8/4, 107, 44, 6, 2
2021/8/5, 106, 67, 15, 3
2021/8/6, 111, 56, 11, 2
2021/8/7, 111, 46, 4, 2
2021/8/8, 111, 33, 5, 2
2021/8/9, 109, 43, , 3
2021/8/10, 115, 55, , 2
2021/8/11, 117, 41, , 2
2021/8/12, 113, 68, 11, 2
2021/8/13, 109, 38, 5, 2
2021/8/14, 110, 39, 4, 2
2021/8/15, 105, 38, 9, 2
2021/8/16, 108, 26, 6, 2
2021/8/17, 92, 22, 9, 2
2021/8/18, 117, 25, 5, 1
2021/8/19, 116, 26, 6, 1
2021/8/20, 113, 33, 7, 2
2021/8/21, 116, 22, 5, 1
2021/8/22, 109, 25, 6, 2
2021/8/23, 103, 45, 11, 3
2021/8/24, 113, 64, 19, 4
2021/8/25, 108, 80, , 3
2021/8/26, 117, 53, 15, 3
2021/8/27, 112, 23, 5, 2
2021/8/28, 100, 25, 9, 2
2021/8/29, 105, 39, 15, 3
2021/8/30, 111, 35, 11, 3
2021/8/31, 112, 26, 9, 3
2021/9/1, 111, 28, 3, 1
2021/9/2, 104, 17, 5, 2
2021/9/3, 109, 27, 7, 2
2021/9/4, 109, 23, 12, 3
2021/9/5, 120, 36, 5, 2
2021/9/6, 108, 37, 9, 2
2021/9/7, 114, 33, 9, 2
2021/9/8, 122, 22, 16, 3
2021/9/9, 121, 24, 6, 2
2021/9/10, 111, 34, 11, 2
2021/9/11, 112, 36, 8, 2
2021/9/12, 119, 36, 7, 2
2021/9/13, 115, 35, 14, 2
2021/9/14, 120, 38, 14, 3
2021/9/15, 122, 35, , 1
2021/9/16, 99, 25, 5, 2
2021/9/17, 122, 32, 5, 2
2021/9/18, 113, 27, 4, 2
2021/9/19, 115, 25, 12, 2
2021/9/20, 115, 26, 11, 2
2021/9/21, 117, 26, 7, 2
2021/9/22, 123, 29, 4, 1
2021/9/23, 107, 32, 12, 2
2021/9/24, 109, 38, 13, 3
2021/9/25, 112, 30, 6, 2
2021/9/26, 111, 37, 12, 2
2021/9/27, 108, 22, 13, 2
2021/9/28, 116, 22, 5, 1
2021/9/29, 103, 14, 5, 1
2021/9/30, 101, 19, , 2
2021/4/1, 23, , , 
2021/4/2, 19, , , 
2021/4/3, 22, , , 
2021/4/4, 36, , , 
2021/4/5, 31, , , 
2021/4/6, 37, , , 
2021/4/7, 38, , , 
2021/4/8, 35, , , 
2021/4/9, 25, , , 
2021/4/10, 23, , , 
2021/4/11, 20, , , 
2021/4/12, 20, , , 
2021/4/13, 21, , , 
2021/4/14, 32, , , 
2021/4/15, 24, , , 
2021/4/16, 14, , , 
2021/4/17, 10, , , 
2021/4/18, 30, , , 
2021/4/19, 45, , , 
2021/4/20, 41, , , 
2021/4/21, 26, , , 
2021/4/22, 20, , 5, 
2021/4/23, 28, , 7, 
2021/4/24, 50, , 8, 
2021/4/25, 42, , 8, 
2021/4/26, 23, , 16, 
2021/4/27, 30, , 22, 
2021/4/28, 56, , 19, 
2021/4/29, 61, 33, 6, 1
2021/4/30, 14, 34, 6, 1
2021/5/1, 15, 45, 6, 2
2021/5/2, 35, 24, 11, 2
2021/5/3, 35, 35, 9, 2
2021/5/4, 25, 27, 9, 2
2021/5/5, 22, 27, 4, 1
2021/5/6, 12, 31, , 1
2021/5/7, 18, 27, , 2
2021/5/8, 17, 30, , 2
2021/5/9, 22, 26, , 1
2021/5/10, 15, 35, , 1
2021/5/11, 22, 29, , 1
2021/5/12, 18, 36, , 1
2021/5/13, 24, 40, , 1
2021/5/14, 32, 42, , 2
2021/5/15, 35, 41, , 2
2021/5/16, 33, 50, , 2
2021/5/17, 41, 48, , 2
2021/5/18, 33, , , 
2021/5/19, 41, 32, 9, 1
2021/5/20, 28, 35, 13, 2
2021/5/21, 21, 52, 28, 
2021/5/22, 44, 36, , 
2021/5/23, 27, 32, , 
2021/5/24, 14, 33, , 
2021/5/25, 25, 20, , 
2021/5/26, 39, , , 
2021/5/27, 20, , , 
2021/5/28, 12, , , 
2021/5/29, 5, , , 
2021/5/30, 5, , , 
2021/5/31, 14, , , 
2021/6/1, 45, , , 
2021/6/2, 32, , , 
2021/6/3, 19, , , 
2021/6/4, 29, , , 
2021/6/5, 42, , , 
2021/6/6, 56, , , 
2021/6/7, 65, , , 
2021/6/8, 56, , , 
2021/6/9, 38, , 6, 
2021/6/10, 21, , 7, 
2021/6/11, 26, , , 1
2021/6/12, 18, , , 2
2021/6/13, 22, , , 1
2021/6/14, 11, , , 1
2021/6/15, 19, , , 1
2021/6/16, 10, 34, 8, 1
2021/6/17, 9, 60, 13, 1
2021/6/18, 36, 46, 7, 1
2021/6/19, 42, 53, 7, 2
2021/6/20, 42, 30, 10, 2
2021/6/21, 48, 19, 8, 1
2021/6/22, 17, 30, 6, 1
2021/6/23, 12, 37, 13, 1
2021/6/24, 23, 38, 7, 1
2021/6/25, 20, 16, 5, 
2021/6/26, 29, 24, 6, 1
2021/6/27, 34, 46, 9, 1
2021/6/28, 41, 68, 10, 1
2021/6/29, 47, 48, 8, 1
2021/6/30, 46, 33, 14, 1
2021/1/4, 43, , , 
2021/1/5, 42, , , 
2021/1/6, 44, , , 
2021/1/7, 42, , , 
2021/1/8, 39, , , 
2021/1/9, 33, , , 
2021/1/10, 47, , , 
2021/1/11, 62, , , 
2021/1/12, 70, , , 
2021/1/13, 65, , , 
2021/1/14, 72, , , 
2021/1/15, 58, , , 
2021/1/16, 37, , , 
2021/1/17, 48, , , 
2021/1/18, 46, , , 
2021/1/19, 46, , , 
2021/1/20, 45, , , 
2021/1/21, 47, , , 
2021/1/22, 48, , , 
2021/1/23, 38, , , 
2021/1/24, 29, , , 
2021/1/25, 31, , , 
2021/1/26, 39, , , 
2021/1/27, 49, , , 
2021/1/28, 37, , , 
2021/1/29, 32, , , 
2021/1/30, 38, , , 
2021/1/31, 34, , , 
2021/2/1, 25, , , 
2021/2/2, 26, , , 
2021/2/3, 32, , , 
2021/2/4, 54, , , 
2021/2/5, 54, , , 
2021/2/6, 42, , , 
2021/2/7, 47, , , 
2021/2/8, 45, , , 
2021/2/9, 48, , , 
2021/2/10, 50, , , 
2021/2/11, 42, , , 
2021/2/12, 33, , , 
2021/2/13, 34, , , 
2021/2/14, 43, , , 
2021/2/15, 46, , , 
2021/2/16, 44, , , 
2021/2/17, 43, , , 
2021/2/18, 34, , , 
2021/2/19, 34, , , 
2021/2/20, 48, , , 
2021/2/21, 47, , , 
2021/2/22, 44, , , 
2021/2/23, 50, 25, , 3
2021/2/24, 43, 31, , 2
2021/2/25, 49, 28, , 2
2021/2/26, 39, 22, , 4
2021/2/27, 36, 19, , 4
2021/2/28, 44, 30, , 3
2021/3/1, 30, 31, 6, 1
2021/3/2, 36, , , 
2021/3/3, 41, , , 
2021/3/4, 38, , , 
2021/3/5, 31, , , 
2021/3/6, 25, , , 
2021/3/7, 24, , , 
2021/3/8, 36, , , 
2021/3/9, 47, , , 
2021/3/10, 47, , , 
2021/3/11, 73, , , 
2021/3/12, 42, , , 
2021/3/13, 26, , , 
2021/3/14, 27, , , 
2021/3/15, 30, , , 
2021/3/16, 29, , , 
2021/3/17, 36, , , 
2021/3/18, 24, , , 
2021/3/19, 27, , , 
2021/3/20, 35, , , 
2021/3/21, 54, , , 
2021/3/22, 48, , , 
2021/3/23, 36, , , 
2021/3/24, 33, , , 
2021/3/25, 41, , , 
2021/3/26, 37, , , 
2021/3/27, 26, , , 
2021/3/28, 23, , , 
2021/3/29, 27, , , 
2021/3/30, 31, , , 
2021/3/31, 31, , , 
2020/10/1, 25, , , 
2020/10/2, 27, , , 
2020/10/3, 20, , , 
2020/10/4, 21, , , 
2020/10/5, 27, , , 
2020/10/6, 34, , , 
2020/10/7, 34, , , 
2020/10/8, 16, , , 
2020/10/9, 30, , , 
2020/10/10, 35, , , 
2020/10/11, 39, , , 
2020/10/12, 15, , , 
2020/10/13, 10, , , 
2020/10/14, 38, , , 
2020/10/15, 41, , , 
2020/10/16, 23, , , 
2020/10/17, 31, , , 
2020/10/18, 43, , , 
2020/10/19, 30, , , 
2020/10/20, 33, , , 
2020/10/21, 24, , , 
2020/10/22, 51, , , 
2020/10/23, 28, , , 
2020/10/24, 23, , , 
2020/10/25, 12, , , 
2020/10/26, 17, , , 
2020/10/27, 18, , , 
2020/10/28, 25, , , 
2020/10/29, 16, , , 
2020/10/30, 23, , , 
2020/10/31, 33, , , 
2020/11/1, 17, , , 
2020/11/2, 40, , , 
2020/11/3, 45, , , 
2020/11/4, 46, , , 
2020/11/5, 46, , , 
2020/11/6, 52, , , 
2020/11/7, 67, , , 
2020/11/8, 80, , , 
2020/11/9, 91, , , 
2020/11/10, 45, , , 
2020/11/11, 28, 10, , 2
2020/11/12, 21, 5, , 2
2020/11/13, 21, 22, , 2
2020/11/14, 32, 30, , 2
2020/11/15, 37, 22, , 2
2020/11/16, 36, 24, , 2
2020/11/17, 45, 22, 7, 1
2020/11/18, 28, 17, , 3
2020/11/19, 28, 12, 27, 3
2020/11/20, 45, 19, 17, 3
2020/11/21, 51, 18, 8, 2
2020/11/22, 24, 23, 11, 2
2020/11/23, 31, 21, 12, 2
2020/11/24, 29, , , 
2020/11/25, 34, , , 
2020/11/26, 34, , , 
2020/11/27, 37, , , 
2020/11/28, 32, , , 
2020/11/29, 41, , , 
2020/11/30, 39, , , 
2020/12/1, 34, , , 
2020/12/2, 29, , , 
2020/12/3, 36, , , 
2020/12/4, 41, , , 
2020/12/5, 25, , , 
2020/12/6, 21, , , 
2020/12/7, 27, , , 
2020/12/8, 23, , , 
2020/12/9, 47, , 20, 
2020/12/10, 45, , , 
2020/12/11, 63, , , 
2020/12/12, 67, , , 
2020/12/13, 54, , , 
2020/12/14, 34, , , 
2020/12/15, 33, , , 
2020/12/16, 40, , , 
2020/12/17, 34, , , 
2020/12/18, 45, , , 
2020/12/19, 45, , , 
2020/12/20, 49, , , 
2020/12/21, 56, , , 
2020/12/22, 54, , , 
2020/12/23, 39, , , 
2020/12/24, 47, , , 
2020/12/25, 44, , , 
2020/12/26, 42, , , 
2020/12/27, 49, , , 
2020/12/28, 48, , , 
2020/12/29, 42, , , 
2020/12/30, 31, , , 
2020/12/31, 51, , , 
2021/1/1, 51, , , 
2021/1/2, 40, , , 
2021/1/3, 43, , , 
2020/7/1, 31, 48, 11, 2
2020/7/2, 33, 46, 8, 2
2020/7/3, 51, 34, 3, 1
2020/7/4, 55, 55, 6, 2
2020/7/5, 63, 57, 14, 2
2020/7/6, 56, 35, 8, 1
2020/7/7, 21, 27, 4, 1
2020/7/8, 27, 22, 5, 1
2020/7/9, 26, 20, 6, 1
2020/7/10, 8, 29, 4, 1
2020/7/11, 40, 39, 3, 1
2020/7/12, 22, 45, 10, 1
2020/7/13, 14, 30, 12, 1
2020/7/14, 16, 35, 8, 1
2020/7/15, 22, 22, 3, 1
2020/7/16, 6, , 11, 
2020/7/17, 31, , , 
2020/7/18, 51, , , 
2020/7/19, 57, , , 
2020/7/20, 44, , , 
2020/7/21, 38, , 12, 
2020/7/22, 62, 47, , 2
2020/7/23, 46, 29, , 2
2020/7/24, 28, 62, , 2
2020/7/25, 42, 42, , 1
2020/7/26, 36, 47, , 1
2020/7/27, 49, 40, 4, 1
2020/7/28, 36, 55, , 2
2020/7/29, 26, 59, , 2
2020/7/30, 37, 41, , 2
2020/7/31, 26, 53, , 2
2020/8/1, 38, 34, , 1
2020/8/2, 33, 41, , 1
2020/8/3, 33, 23, , 1
2020/8/4, 54, 41, 14, 2
2020/8/5, 38, 54, , 4
2020/8/6, 48, 45, , 4
2020/8/7, 46, 39, , 2
2020/8/8, 29, 46, , 2
2020/8/9, 39, 68, , 2
2020/8/10, 59, 38, , 2
2020/8/11, 55, 60, , 2
2020/8/12, 56, 32, , 2
2020/8/13, 44, 41, , 2
2020/8/14, 27, 29, , 2
2020/8/15, 25, 19, , 1
2020/8/16, 12, 35, , 1
2020/8/17, 22, 33, , 1
2020/8/18, 28, 23, , 3
2020/8/19, 35, 36, 7, 1
2020/8/20, 17, 42, , 2
2020/8/21, 39, 40, , 2
2020/8/22, 46, 34, , 2
2020/8/23, 35, 44, , 2
2020/8/24, 33, 42, , 
2020/8/25, 41, 22, , 
2020/8/26, 16, 40, , 1
2020/8/27, 43, 33, , 1
2020/8/28, 43, 24, , 1
2020/8/29, 24, 23, , 1
2020/8/30, 15, 20, , 1
2020/8/31, 21, 21, , 1
2020/9/1, 21, 21, 14, 2
2020/9/2, 25, , , 
2020/9/3, 34, , 5, 
2020/9/4, 26, , , 
2020/9/5, 13, , 5, 
2020/9/6, 28, , , 
2020/9/7, 25, , , 
2020/9/8, 33, , , 
2020/9/9, 31, , , 
2020/9/10, 21, 22, , 1
2020/9/11, 22, 22, , 1
2020/9/12, 12, 22, , 
2020/9/13, 16, 21, 6, 1
2020/9/14, 18, 19, 8, 1
2020/9/15, 10, 22, 18, 1
2020/9/16, 21, , , 
2020/9/17, 32, , , 
2020/9/18, 28, , , 
2020/9/19, 9, , , 
2020/9/20, 10, , 15, 
2020/9/21, 16, , 17, 
2020/9/22, 15, 30, , 3
2020/9/23, 45, 25, , 3
2020/9/24, 63, 37, , 4
2020/9/25, 70, 30, , 2
2020/9/26, 37, 26, , 2
2020/9/27, 22, 23, , 1
2020/9/28, 23, 17, 13, 2
2020/9/29, 29, , , 
2020/9/30, 20, , , 
2020/4/1, 20, , 6, 
2020/4/2, 14, , 6, 
2020/4/3, 13, , 8, 
2020/4/4, 14, , 19, 
2020/4/5, 41, , 9, 
2020/4/6, 25, , 12, 
2020/4/7, 27, , 16, 
2020/4/8, 41, , 12, 
2020/4/9, 24, , 6, 
2020/4/10, 20, , 7, 
2020/4/11, 26, , 16, 
2020/4/12, 39, , 7, 
2020/4/13, 29, , 8, 
2020/4/14, 15, 34, 7, 
2020/4/15, 26, 33, 8, 1
2020/4/16, 25, 36, 12, 2
2020/4/17, 24, 31, 10, 2
2020/4/18, 22, 40, 12, 2
2020/4/19, 38, 32, 13, 2
2020/4/20, 21, 30, 8, 1
2020/4/21, 20, 31, , 
2020/4/22, 13, 25, , 
2020/4/23, 22, 22, 15, 2
2020/4/24, 20, 12, 17, 2
2020/4/25, 33, , 7, 
2020/4/26, 16, , 8, 
2020/4/27, 8, , 10, 
2020/4/28, 17, , 13, 
2020/4/29, 22, , 8, 
2020/4/30, 19, 33, 16, 2
2020/5/1, 11, 34, 6, 1
2020/5/2, 17, 43, 9, 2
2020/5/3, 35, 36, 7, 1
2020/5/4, 21, 37, 6, 1
2020/5/5, 16, 32, 11, 1
2020/5/6, 19, 37, 9, 2
2020/5/7, 18, , 11, 
2020/5/8, 17, , 5, 
2020/5/9, 11, 39, 6, 1
2020/5/10, 15, 29, 10, 1
2020/5/11, 22, 37, 7, 1
2020/5/12, 14, 33, 12, 1
2020/5/13, 24, 40, 16, 3
2020/5/14, 33, 46, 16, 2
2020/5/15, 51, 38, 6, 1
2020/5/16, 24, 38, 3, 1
2020/5/17, 9, 38, 11, 
2020/5/18, 14, 34, 8, 
2020/5/19, 17, 34, 10, 
2020/5/20, 12, 30, 10, 
2020/5/21, 23, 31, 15, 
2020/5/22, 29, 31, 6, 
2020/5/23, 14, 31, 4, 
2020/5/24, 24, 27, 6, 
2020/5/25, 23, 23, 14, 
2020/5/26, 35, , 10, 
2020/5/27, 6, , 4, 
2020/5/28, 15, , 7, 
2020/5/29, 19, , , 
2020/5/30, 21, , , 
2020/5/31, 9, 33, 4, 
2020/6/1, 11, 42, 16, 
2020/6/2, 24, 44, 9, 
2020/6/3, 44, 53, 13, 
2020/6/4, 40, 38, 10, 
2020/6/5, 37, 50, 8, 
2020/6/6, 26, 31, 3, 
2020/6/7, 20, 34, 8, 1
2020/6/8, 18, 61, 15, 2
2020/6/9, 42, 41, 10, 1
2020/6/10, 45, 26, 7, 1
2020/6/11, 35, 46, 14, 2
2020/6/12, 28, 36, 5, 1
2020/6/13, 11, 30, 3, 1
2020/6/14, 17, 31, 10, 1
2020/6/15, 26, 32, 14, 1
2020/6/16, 23, 30, 10, 1
2020/6/17, 20, 10, 7, 1
2020/6/18, 16, , , 
2020/6/19, 22, , , 
2020/6/20, 42, , 9, 
2020/6/21, 29, , , 
2020/6/22, 23, , , 
2020/6/23, 36, 37, 14, 1
2020/6/24, 47, 52, 9, 1
2020/6/25, 37, 44, 25, 1
2020/6/26, 38, 38, , 2
2020/6/27, 56, 50, 7, 1
2020/6/28, 45, 32, 8, 1
2020/6/29, 21, 34, 6, 1
2020/6/30, 17, 46, 7, 2
2020/1/1, 40, , 29, 
2020/1/2, 59, , 30, 
2020/1/3, 66, , 21, 
2020/1/4, 57, , 7, 
2020/1/5, 40, , 22, 
2020/1/6, 52, , 23, 
2020/1/7, 49, , 15, 
2020/1/8, 49, , 17, 
2020/1/9, 46, , 29, 
2020/1/10, 51, , 22, 
2020/1/11, 53, , 7, 
2020/1/12, 46, , 17, 
2020/1/13, 49, , 21, 
2020/1/14, 42, , 20, 
2020/1/15, 58, , 12, 
2020/1/16, 46, , 9, 
2020/1/17, 42, , 22, 
2020/1/18, 32, , 11, 
2020/1/19, 42, , 10, 
2020/1/20, 35, , 17, 
2020/1/21, 39, , 37, 
2020/1/22, 54, , 42, 
2020/1/23, 73, , 43, 
2020/1/24, 78, , 15, 
2020/1/25, 36, , 14, 
2020/1/26, 36, , 16, 
2020/1/27, 40, , 11, 
2020/1/28, 34, , 12, 
2020/1/29, 32, , 22, 
2020/1/30, 39, , 35, 
2020/1/31, 53, , 29, 
2020/2/1, 53, , 16, 
2020/2/2, 46, , 24, 
2020/2/3, 55, , 36, 
2020/2/4, 67, , 26, 
2020/2/5, 26, , 19, 
2020/2/6, 29, , 15, 
2020/2/7, 33, , 12, 
2020/2/8, 47, , , 
2020/2/9, 49, , , 
2020/2/10, 38, , , 
2020/2/11, 48, , , 
2020/2/12, 42, , , 
2020/2/13, 41, , , 
2020/2/14, 40, , , 
2020/2/15, 32, , , 
2020/2/16, 47, , , 
2020/2/17, 50, , , 
2020/2/18, 46, , 10, 
2020/2/19, 38, , 11, 
2020/2/20, 32, , 14, 
2020/2/21, 32, , 23, 
2020/2/22, 38, , , 
2020/2/23, 47, , 28, 
2020/2/24, 59, , 29, 
2020/2/25, 45, , , 
2020/2/26, 23, , , 
2020/2/27, 23, , , 
2020/2/28, 29, , , 
2020/2/29, 26, , 13, 
2020/3/1, 30, , 27, 
2020/3/2, 39, , 22, 
2020/3/3, 37, , 10, 
2020/3/4, 20, , 12, 
2020/3/5, 20, , 19, 
2020/3/6, 23, , 9, 
2020/3/7, 24, , 12, 
2020/3/8, 27, , 24, 
2020/3/9, 47, , 21, 
2020/3/10, 43, , 15, 
2020/3/11, 26, , 19, 
2020/3/12, 39, , 13, 
2020/3/13, 28, , 7, 
2020/3/14, 28, , 7, 
2020/3/15, 22, , 11, 
2020/3/16, 22, , 20, 
2020/3/17, 33, , 14, 
2020/3/18, 29, , 16, 
2020/3/19, 22, , 21, 
2020/3/20, 41, , 5, 
2020/3/21, 22, , 7, 
2020/3/22, 29, , 12, 
2020/3/23, 21, , 10, 
2020/3/24, 20, , 9, 
2020/3/25, 24, , 16, 
2020/3/26, 31, , 16, 
2020/3/27, 37, , 10, 
2020/3/28, 26, , 3, 
2020/3/29, 7, , , 
2019/11/4, 31, , 25, 
2019/11/5, 45, , 17, 
2019/11/6, 42, , 26, 
2019/11/7, 37, , 9, 
2019/11/8, 23, , 16, 
2019/11/9, 20, , 22, 
2019/11/10, 40, , 39, 
2019/11/11, 71, , 14, 
2019/11/12, 32, , 12, 
2019/11/13, 18, , 29, 
2019/11/14, 25, , 30, 
2019/11/15, 46, , 10, 
2019/11/16, 28, , 11, 
2019/11/17, 22, , 18, 
2019/11/18, 26, , 18, 
2019/11/19, 33, , 14, 
2019/11/20, 34, , 24, 
2019/11/21, 52, , 20, 
2019/11/22, 47, , 18, 
2019/11/23, 32, , 14, 
2019/11/24, 31, , 25, 
2019/11/25, 59, , 43, 
2019/11/26, 62, , 33, 
2019/11/27, 59, , 6, 
2019/11/28, 26, , 7, 
2019/11/29, 19, , , 
2019/11/30, 27, , , 
2019/12/1, 24, , 14, 
2019/12/2, 22, , 13, 
2019/12/3, 32, , 24, 
2019/12/4, 47, , 15, 
2019/12/5, 40, , 18, 
2019/12/6, 36, , 11, 
2019/12/7, 37, , 20, 
2019/12/8, 35, , 29, 
2019/12/9, 37, , 16, 
2019/12/10, 52, , 16, 
2019/12/11, 34, , 22, 
2019/12/12, 56, , 32, 
2019/12/13, 48, , 18, 
2019/12/14, 38, , 9, 
2019/12/15, 42, , 18, 
2019/12/16, 49, , 19, 
2019/12/17, 38, , 15, 
2019/12/18, 41, , 11, 
2019/12/19, 57, , 18, 
2019/12/20, 46, , 31, 
2019/12/21, 52, , 29, 
2019/12/22, 68, , 37, 
2019/12/23, 75, , 22, 
2019/12/24, 50, , 28, 
2019/12/25, 54, , 24, 
2019/12/26, 65, , 29, 
2019/12/27, 53, , 18, 
2019/12/28, 58, , , 
2019/12/29, 54, , , 
2019/7/1, 19, 500, 10, 
2019/7/2, 49, 500, 11, 
2019/7/3, 57, 500, 16, 
2019/7/4, 84, 500, 9, 
2019/7/5, 56, 500, 9, 
2019/7/6, 38, 500, 6, 
2019/7/7, 41, 500, 9, 
2019/7/8, 47, 500, 11, 
2019/7/9, 49, 500, 14, 
2019/7/10, 65, , 13, 
2019/7/11, 40, , 8, 
2019/7/12, 28, , 5, 
2019/7/13, 35, , 6, 
2019/7/14, 35, , 7, 
2019/7/15, 22, , 18, 
2019/7/16, 45, 62, 17, 2
2019/7/17, 55, 25, 14, 2
2019/7/18, 42, 57, 11, 2
2019/7/19, 52, 42, 10, 2
2019/7/20, 57, 36, 8, 2
2019/7/21, 54, 42, 13, 2
2019/7/22, 34, 23, 12, 2
2019/7/23, 12, 15, 10, 1
2019/7/24, 31, , 13, 
2019/7/25, 42, , 17, 
2019/7/26, 46, , 17, 
2019/7/27, 49, , 8, 
2019/7/28, 65, , 11, 
2019/7/29, 88, , 15, 
2019/7/30, 95, , 23, 
2019/7/31, 91, , 14, 
2019/8/1, 40, , 19, 
2019/8/2, 43, , 9, 
2019/8/3, 34, , 9, 
2019/8/4, 37, , 11, 
2019/8/5, 38, , 13, 
2019/8/6, 46, , 15, 
2019/8/7, 45, , 11, 
2019/8/8, 47, , 10, 
2019/8/9, 33, , 6, 
2019/8/10, 18, , 6, 
2019/8/11, 21, , 15, 
2019/8/12, 37, , 16, 
2019/8/13, 55, , 14, 
2019/8/14, 69, , 11, 
2019/8/15, 53, , 12, 
2019/8/16, 24, , 11, 
2019/8/17, 16, , 13, 
2019/8/18, 26, , 22, 
2019/8/19, 29, , 17, 
2019/8/20, 26, 40, 7, 2
2019/8/21, 30, 49, 13, 2
2019/8/22, 35, 24, 18, 2
2019/8/23, 23, 26, 7, 1
2019/8/24, 13, 26, 5, 1
2019/8/25, 12, 31, 9, 1
2019/8/26, 17, 5, 13, 4
2019/8/27, 25, , 10, 
2019/8/28, 22, , 7, 
2019/8/29, 22, , 16, 
2019/8/30, 40, , 6, 
2019/8/31, 23, , 5, 
2019/9/1, 20, , 7, 
2019/9/2, 27, , 9, 
2019/9/3, 39, , 12, 
2019/9/4, 44, , 8, 
2019/9/5, 23, , 9, 
2019/9/6, 13, , 6, 
2019/9/7, 27, , 8, 
2019/9/8, 41, , 10, 
2019/9/9, 23, , 13, 
2019/9/10, 26, 35, 14, 3
2019/9/11, 44, 27, 10, 2
2019/9/12, 45, 21, 8, 1
2019/9/13, 18, 24, 12, 1
2019/9/14, 27, 34, 10, 1
2019/9/15, 30, 28, 18, 2
2019/9/16, 46, 31, , 1
2019/9/17, 19, , , 
2019/9/18, 21, , , 
2019/9/19, 26, , , 
2019/9/20, 46, , , 
2019/9/21, 55, , , 
2019/9/22, 60, 24, 18, 
2019/9/23, 47, 23, , 1
2019/9/24, 20, 31, , 2
2019/9/25, 35, 32, 12, 2
2019/9/26, 46, 29, 15, 1
2019/9/27, 25, 37, 6, 2
2019/9/28, 38, 29, 7, 2
2019/9/29, 34, 25, 8, 1
2019/9/30, 23, 35, 13, 1
2019/10/1, 33, 44, 13, 2
2019/10/2, 48, 14, 10, 1
2019/10/3, 25, 20, 8, 1
2019/10/4, 21, 26, 7, 1
2019/10/5, 26, , 11, 
2019/10/6, 28, , , 
2019/4/1, 18, 500, 18, 
2019/4/2, 23, 500, 10, 
2019/4/3, 29, 500, 11, 
2019/4/4, 25, 500, 15, 
2019/4/5, 21, 500, 14, 
2019/4/6, 40, 500, 26, 
2019/4/7, 40, 500, 25, 
2019/4/8, 30, 500, 17, 
2019/4/9, 15, 316, 11, 
2019/4/10, 12, 500, 16, 
2019/4/11, 22, 500, 18, 
2019/4/12, 34, 500, 9, 
2019/4/13, 39, 500, 19, 1
2019/4/14, 22, 500, 26, 1
2019/4/15, 25, 268, 7, 1
2019/4/16, 13, 500, 22, 1
2019/4/17, 33, 146, 13, 1
2019/4/18, 116, 88, 14, 1
2019/4/19, 35, 500, 18, 1
2019/4/20, 28, 500, , 
2019/4/21, 26, 500, 3, 
2019/4/22, 30, 500, 17, 2
2019/4/23, 32, 500, 9, 1
2019/4/24, 27, 500, 15, 2
2019/4/25, 19, 500, 12, 1
2019/4/26, 24, 364, 6, 1
2019/4/27, 22, 500, 10, 1
2019/4/28, 13, 500, 13, 1
2019/4/29, 15, 500, 21, 
2019/4/30, 42, 391, 16, 
2019/5/1, 20, 500, 20, 
2019/5/2, 42, 500, 16, 
2019/5/3, 28, 500, 21, 
2019/5/4, 49, 500, 8, 
2019/5/5, 11, 500, 11, 
2019/5/6, 20, 500, 5, 
2019/5/7, 27, 500, 2, 
2019/5/8, 33, 500, 10, 
2019/5/9, 15, 500, 19, 
2019/5/10, 21, 500, 8, 
2019/5/11, 12, 500, 7, 
2019/5/12, 5, 500, 13, 
2019/5/13, 8, 500, 15, 
2019/5/14, 18, 500, 10, 
2019/5/15, 19, 500, 18, 
2019/5/16, 36, 500, 24, 
2019/5/17, 54, 500, 6, 
2019/5/18, 32, 500, 11, 
2019/5/19, 33, 500, 15, 
2019/5/20, 45, 500, 5, 
2019/5/21, 11, 486, 10, 
2019/5/22, 16, 500, 19, 
2019/5/23, 24, 500, 5, 
2019/5/24, 13, 500, 6, 
2019/5/25, 11, 500, 5, 
2019/5/26, 30, 500, 5, 
2019/5/27, 22, 500, 17, 
2019/5/28, 40, 500, 15, 1
2019/5/29, 22, 500, 17, 2
2019/5/30, 21, 500, 13, 2
2019/5/31, 40, 500, 13, 3
2019/6/1, 48, 500, 11, 2
2019/6/2, 44, 500, 6, 
2019/6/3, 11, 500, 6, 
2019/6/4, 15, 500, 18, 2
2019/6/5, 45, 500, 7, 2
2019/6/6, 28, 500, 10, 2
2019/6/7, 43, 500, 3, 2
2019/6/8, 26, 500, 3, 1
2019/6/9, 17, 500, 1, 1
2019/6/10, 32, 500, , 1
2019/6/11, 12, 500, 1, 
2019/6/12, 17, 500, , 
2019/6/13, 12, 500, 2, 
2019/6/14, 18, 500, 5, 
2019/6/15, 25, 500, 5, 
2019/6/16, 39, 500, 3, 2
2019/6/17, 40, 500, , 3
2019/6/18, 43, 500, , 2
2019/6/19, 24, 500, 3, 3
2019/6/20, 39, 500, 2, 1
2019/6/21, 18, 500, 3, 1
2019/6/22, 17, 500, , 1
2019/6/23, 19, 500, 4, 2
2019/6/24, 49, 500, 2, 2
2019/6/25, 56, 500, 5, 2
2019/6/26, 46, 500, 1, 1
2019/6/27, 35, 500, 6, 2
2019/6/28, 41, 500, 4, 2
2019/6/29, 48, 500, 3, 1
2019/6/30, 21, 500, 5, 1
2019/1/1, 40, , , 
2019/1/2, 62, , , 
2019/1/3, 49, , , 
2019/1/4, 64, , , 
2019/1/5, 44, , , 
2019/1/6, 51, , , 
2019/1/7, 33, , , 
2019/1/8, 53, , , 
2019/1/9, 47, , , 
2019/1/10, 45, , , 
2019/1/11, 42, , , 
2019/1/12, 42, , , 
2019/1/13, 40, , , 
2019/1/14, 47, , , 
2019/1/15, 58, , , 
2019/1/16, 64, , , 
2019/1/17, 33, , , 
2019/1/18, 58, , , 
2019/1/19, 43, , , 
2019/1/20, 34, , , 
2019/1/21, 49, , , 
2019/1/22, 51, , , 
2019/1/23, 46, , , 
2019/1/24, 39, , , 
2019/1/25, 48, , , 
2019/1/26, 44, , , 
2019/1/27, 45, , , 
2019/1/28, 44, , , 
2019/1/29, 50, , , 
2019/1/30, 52, , , 
2019/1/31, 64, , , 
2019/2/1, 49, , , 
2019/2/2, 60, 500, 7, 
2019/2/3, 70, 500, , 
2019/2/4, 68, 500, , 
2019/2/5, 71, 500, 5, 
2019/2/6, 29, 500, , 
2019/2/7, 33, 500, 4, 
2019/2/8, 41, 500, 3, 
2019/2/9, 40, 500, , 
2019/2/10, 29, 500, , 
2019/2/11, 47, 386, , 
2019/2/12, 23, 500, 4, 
2019/2/13, 55, 500, 6, 
2019/2/14, 48, 500, , 
2019/2/15, 51, 500, 2, 
2019/2/16, 28, 500, 6, 
2019/2/17, 12, 500, 6, 
2019/2/18, 32, 500, 5, 
2019/2/19, 27, 500, , 
2019/2/20, 27, 500, 20, 
2019/2/21, 36, 500, 14, 
2019/2/22, 45, 500, 19, 
2019/2/23, 39, 500, 16, 
2019/2/24, 27, 500, 7, 
2019/2/25, 43, 481, 9, 
2019/2/26, 39, 422, 12, 
2019/2/27, 18, 500, 16, 
2019/2/28, 35, 500, 19, 
2019/3/1, 40, 500, 20, 
2019/3/2, 46, 500, 20, 
2019/3/3, 48, 500, 6, 
2019/3/4, 38, 500, 7, 
2019/3/5, 39, 500, 6, 
2019/3/6, 38, 500, 7, 
2019/3/7, 38, 500, , 
2019/3/8, 39, 500, 24, 
2019/3/9, 48, 500, 21, 
2019/3/10, 32, 500, 13, 
2019/3/11, 28, 477, 9, 
2019/3/12, 31, 500, 30, 
2019/3/13, 43, 500, 26, 
2019/3/14, 34, 500, 27, 
2019/3/15, 53, 237, 7, 
2019/3/16, 23, 337, 8, 
2019/3/17, 20, 500, 24, 
2019/3/18, 27, 500, 22, 
2019/3/19, 34, 500, 31, 
2019/3/20, 43, 500, 21, 
2019/3/21, 23, 500, 4, 
2019/3/22, 24, 392, 8, 
2019/3/23, 31, 500, 12, 
2019/3/24, 27, 500, 14, 
2019/3/25, 41, 500, 11, 
2019/3/26, 23, 481, 15, 
2019/3/27, 31, 500, 19, 
2019/3/28, 27, 500, 36, 
2019/3/29, 50, 500, 24, 
2019/3/30, 49, 500, 11, 
2019/3/31, 41, 500, 9, 
2018/10/1, 44, , , 
2018/10/2, 38, , , 
2018/10/3, 24, , , 
2018/10/4, 47, , , 
2018/10/5, 18, , , 
2018/10/6, 18, , , 
2018/10/7, 43, , , 
2018/10/8, 23, , , 
2018/10/9, 28, , , 
2018/10/10, 27, , , 
2018/10/11, 13, , , 
2018/10/12, 12, , , 
2018/10/13, 7, , , 
2018/10/14, 21, , , 
2018/10/15, 29, , , 
2018/10/16, 16, , , 
2018/10/17, 28, , , 
2018/10/18, 19, , , 
2018/10/19, 29, , , 
2018/10/20, 27, 23, 4, 1
2018/10/21, 23, 17, 18, 2
2018/10/22, 27, 24, 13, 2
2018/10/23, 32, 20, 7, 1
2018/10/24, 27, 16, 10, 1
2018/10/25, 22, 19, 16, 2
2018/10/26, 19, 26, 3, 1
2018/10/27, 16, , , 
2018/10/28, 22, , , 
2018/10/29, 31, , , 
2018/10/30, 42, , , 
2018/10/31, 52, , , 
2018/11/1, 59, , , 
2018/11/2, 35, , , 
2018/11/3, 28, , , 
2018/11/4, 24, , , 
2018/11/5, 20, , , 
2018/11/6, 32, , , 
2018/11/7, 39, , , 
2018/11/8, 46, 18, 9, 1
2018/11/9, 18, 24, 8, 1
2018/11/10, 26, 23, 13, 2
2018/11/11, 31, 18, 28, 5
2018/11/12, 46, 17, 19, 3
2018/11/13, 30, 24, 8, 1
2018/11/14, 27, 22, 10, 1
2018/11/15, 17, , , 
2018/11/16, 37, , , 
2018/11/17, 46, , , 
2018/11/18, 24, , , 
2018/11/19, 57, , , 
2018/11/20, 44, , , 
2018/11/21, 32, 25, 6, 1
2018/11/22, 24, 17, 20, 2
2018/11/23, 25, 24, 30, 4
2018/11/24, 33, 24, 15, 2
2018/11/25, 35, 27, 20, 3
2018/11/26, 33, 14, 11, 2
2018/11/27, 19, 12, 11, 2
2018/11/28, 27, , , 
2018/11/29, 30, , , 
2018/11/30, 41, , , 
2018/12/1, 41, , , 
2018/12/2, 37, , , 
2018/12/3, 34, , , 
2018/12/4, 31, , , 
2018/12/5, 30, , , 
2018/12/6, 40, , , 
2018/12/7, 42, , , 
2018/12/8, 39, , , 
2018/12/9, 36, , , 
2018/12/10, 44, , , 
2018/12/11, 51, , , 
2018/12/12, 56, , , 
2018/12/13, 49, , , 
2018/12/14, 45, , , 
2018/12/15, 57, , , 
2018/12/16, 33, , , 
2018/12/17, 32, , , 
2018/12/18, 34, , , 
2018/12/19, 43, , , 
2018/12/20, 49, , , 
2018/12/21, 46, , , 
2018/12/22, 44, , , 
2018/12/23, 38, , , 
2018/12/24, 45, , , 
2018/12/25, 36, , , 
2018/12/26, 49, , , 
2018/12/27, 48, , , 
2018/12/28, 38, , , 
2018/12/29, 35, , , 
2018/12/30, 42, , , 
2018/7/1, 74, 70, 16, 3
2018/7/2, 90, 39, 11, 2
2018/7/3, 91, 34, 7, 1
2018/7/4, 69, 21, 3, 1
2018/7/5, 26, 22, 7, 1
2018/7/6, 21, 28, 6, 1
2018/7/7, 9, , , 
2018/7/8, 22, , , 
2018/7/9, 32, , , 
2018/7/10, 51, 23, , 
2018/7/11, 45, 48, 10, 1
2018/7/12, 38, 40, 13, 2
2018/7/13, 43, 55, 9, 2
2018/7/14, 41, 45, 11, 2
2018/7/15, 38, 68, 19, 3
2018/7/16, 63, 39, 5, 2
2018/7/17, 46, , , 
2018/7/18, 22, , , 
2018/7/19, 20, , , 
2018/7/20, 27, , , 
2018/7/21, 13, , , 
2018/7/22, 23, , , 
2018/7/23, 29, , , 
2018/7/24, 23, , , 
2018/7/25, 15, , , 
2018/7/26, 21, , , 
2018/7/27, 53, , , 
2018/7/28, 46, , , 
2018/7/29, 26, , , 
2018/7/30, 39, , , 
2018/7/31, 31, , , 
2018/8/1, 36, , , 
2018/8/2, 32, , , 
2018/8/3, 31, , , 
2018/8/4, 20, , , 
2018/8/5, 51, , , 
2018/8/6, 70, , , 
2018/8/7, 56, , , 
2018/8/8, 53, , , 
2018/8/9, 40, , , 
2018/8/10, 60, , , 
2018/8/11, 41, , , 
2018/8/12, 31, , , 
2018/8/13, 23, , , 
2018/8/14, 29, 25, , 
2018/8/15, 53, 53, 15, 3
2018/8/16, 78, 46, 10, 3
2018/8/17, 72, 32, 11, 2
2018/8/18, 63, 21, , 
2018/8/19, 36, 22, , 
2018/8/20, 30, 27, 5, 1
2018/8/21, 15, 36, 6, 1
2018/8/22, 47, 26, 8, 1
2018/8/23, 38, 40, 15, 3
2018/8/24, 50, 39, 8, 2
2018/8/25, 36, 40, 6, 2
2018/8/26, 41, 19, 15, 3
2018/8/27, 69, , , 
2018/8/28, 88, , , 
2018/8/29, 101, , , 
2018/8/30, 34, , , 
2018/8/31, 17, , , 
2018/9/1, 19, , , 
2018/9/2, 32, , , 
2018/9/3, 46, , , 
2018/9/4, 36, , , 
2018/9/5, 46, , , 
2018/9/6, 50, , , 
2018/9/7, 22, , , 
2018/9/8, 18, , , 
2018/9/9, 9, , , 
2018/9/10, 8, , , 
2018/9/11, 52, , , 
2018/9/12, 38, , , 
2018/9/13, 18, , , 
2018/9/14, 17, , , 
2018/9/15, 28, , , 
2018/9/16, 37, , , 
2018/9/17, 24, , , 
2018/9/18, 19, , , 
2018/9/19, 36, , , 
2018/9/20, 14, , , 
2018/9/21, 11, , , 
2018/9/22, 19, , , 
2018/9/23, 16, , , 
2018/9/24, 19, , , 
2018/9/25, 19, , , 
2018/9/26, 27, , , 
2018/9/27, 11, , , 
2018/9/28, 18, , , 
2018/9/29, 29, , , 
2018/9/30, 20, , , 
2018/4/1, 28, , , 
2018/4/2, 31, , , 
2018/4/3, 25, , , 
2018/4/4, 38, , , 
2018/4/5, 31, , , 
2018/4/6, 40, , , 
2018/4/7, 22, , , 
2018/4/8, 24, , , 
2018/4/9, 30, , , 
2018/4/10, 37, , , 
2018/4/11, 40, , , 
2018/4/12, 55, , , 
2018/4/13, 63, , , 
2018/4/14, 56, , , 
2018/4/15, 15, , , 
2018/4/16, 31, , , 
2018/4/17, 23, , , 
2018/4/18, 26, , , 
2018/4/19, 32, , , 
2018/4/20, 29, , , 
2018/4/21, 27, , , 
2018/4/22, 29, , , 
2018/4/23, 58, , , 
2018/4/24, 31, , , 
2018/4/25, 28, , , 
2018/4/26, 38, , , 
2018/4/27, 30, , , 
2018/4/28, 43, , , 
2018/4/29, 28, , , 
2018/4/30, 28, , , 
2018/5/1, 47, , , 
2018/5/2, 53, , , 
2018/5/3, 62, 42, 12, 
2018/5/4, 56, 46, 10, 2
2018/5/5, 25, 39, 13, 2
2018/5/6, 33, 42, 16, 2
2018/5/7, 36, 43, 15, 2
2018/5/8, 34, 32, 17, 2
2018/5/9, 37, 30, 9, 2
2018/5/10, 24, , , 
2018/5/11, 28, , , 
2018/5/12, 26, , , 
2018/5/13, 17, , , 
2018/5/14, 28, , , 
2018/5/15, 52, , , 
2018/5/16, 30, , , 
2018/5/17, 42, , , 
2018/5/18, 29, , , 
2018/5/19, 21, , , 
2018/5/20, 29, , , 
2018/5/21, 29, 29, 20, 3
2018/5/22, 39, 34, 15, 3
2018/5/23, 35, 60, 14, 2
2018/5/24, 37, 67, 12, 2
2018/5/25, 52, 62, 13, 3
2018/5/26, 61, 38, 6, 2
2018/5/27, 32, 22, 7, 2
2018/5/28, 20, 48, 17, 3
2018/5/29, 54, 32, 8, 2
2018/5/30, 33, 25, 10, 2
2018/5/31, 38, 21, 15, 3
2018/6/1, 51, 45, 11, 2
2018/6/2, 43, 23, 3, 1
2018/6/3, 13, 27, 9, 1
2018/6/4, 21, 37, 12, 2
2018/6/5, 24, 24, 9, 1
2018/6/6, 21, 24, 9, 1
2018/6/7, 21, 18, 9, 1
2018/6/8, 43, , , 
2018/6/9, 49, , , 
2018/6/10, 32, , , 
2018/6/11, 23, , , 
2018/6/12, 24, , , 
2018/6/13, 38, , , 
2018/6/14, 27, , , 
2018/6/15, 16, , , 
2018/6/16, 42, 64, 11, 2
2018/6/17, 52, 44, 8, 2
2018/6/18, 63, 37, 15, 2
2018/6/19, 26, 36, 13, 2
2018/6/20, 26, 56, 20, 2
2018/6/21, 36, 35, 5, 1
2018/6/22, 29, 25, 4, 1
2018/6/23, 29, 35, 8, 2
2018/6/24, 64, 30, 8, 1
2018/6/25, 31, 28, 6, 1
2018/6/26, 19, 30, 6, 1
2018/6/27, 14, , , 
2018/6/28, 39, 30, , 
2018/6/29, 35, 66, 15, 3
2018/6/30, 52, 80, 15, 3
2018/1/1, 54, , , 
2018/1/2, 56, , , 
2018/1/3, 61, , , 
2018/1/4, 44, , , 
2018/1/5, 48, , , 
2018/1/6, 49, , , 
2018/1/7, 51, , , 
2018/1/8, 65, , , 
2018/1/9, 61, , , 
2018/1/10, 54, , , 
2018/1/11, 75, , , 
2018/1/12, 38, , , 
2018/1/13, 46, , , 
2018/1/14, 43, , , 
2018/1/15, 45, , , 
2018/1/16, 57, , , 
2018/1/17, 61, , , 
2018/1/18, 58, , , 
2018/1/19, 61, , , 
2018/1/20, 56, , , 
2018/1/21, 64, , , 
2018/1/22, 76, , , 
2018/1/23, 43, , , 
2018/1/24, 42, , , 
2018/1/25, 41, , , 
2018/1/26, 39, , , 
2018/1/27, 43, , 13, 3
2018/1/28, 51, , 13, 4
2018/1/29, 45, , 13, 4
2018/1/30, 45, , 19, 3
2018/1/31, 39, , 27, 4
2018/2/1, 55, , 16, 2
2018/2/2, 48, , 13, 2
2018/2/3, 42, , , 
2018/2/4, 42, , , 
2018/2/5, 44, , , 
2018/2/6, 47, , , 
2018/2/7, 45, , , 
2018/2/8, 52, , , 
2018/2/9, 55, , , 
2018/2/10, 64, , , 
2018/2/11, 54, , , 
2018/2/12, 44, , , 
2018/2/13, 37, , , 
2018/2/14, 50, , , 
2018/2/15, 60, , , 
2018/2/16, 44, , , 
2018/2/17, 36, , , 
2018/2/18, 49, , , 
2018/2/19, 49, , , 
2018/2/20, 61, , , 
2018/2/21, 49, , , 
2018/2/22, 25, , , 
2018/2/23, 28, , , 
2018/2/24, 45, , , 
2018/2/25, 33, , , 
2018/2/26, 39, , , 
2018/2/27, 34, , , 
2018/2/28, 41, , , 
2018/3/1, 55, , , 
2018/3/2, 21, , , 
2018/3/3, 32, , , 
2018/3/4, 24, , , 
2018/3/5, 25, , , 
2018/3/6, 30, , , 
2018/3/7, 17, , , 
2018/3/8, 34, , , 
2018/3/9, 38, , , 
2018/3/10, 33, , , 
2018/3/11, 32, , , 
2018/3/12, 20, , , 
2018/3/13, 23, , , 
2018/3/14, 25, , , 
2018/3/15, 40, , , 
2018/3/16, 39, , , 
2018/3/17, 27, , , 
2018/3/18, 30, , , 
2018/3/19, 32, , , 
2018/3/20, 21, , , 
2018/3/21, 21, , , 
2018/3/22, 26, , , 
2018/3/23, 29, , , 
2018/3/24, 28, , , 
2018/3/25, 26, , , 
2018/3/26, 30, , , 
2018/3/27, 27, , , 
2018/3/28, 49, , , 
2018/3/29, 56, , , 
2018/3/30, 50, , , 
2018/3/31, 21, , , 
2017/10/1, 22, , , 
2017/10/2, 37, , , 
2017/10/3, 29, , , 
2017/10/4, 37, , , 
2017/10/5, 51, , , 
2017/10/6, 51, , , 
2017/10/7, 39, , , 
2017/10/8, 23, , , 
2017/10/9, 28, , , 
2017/10/10, 31, , , 
2017/10/11, 37, , , 
2017/10/12, 18, , , 
2017/10/13, 21, , , 
2017/10/14, 31, , , 
2017/10/15, 29, , , 
2017/10/16, 20, , , 
2017/10/17, 25, , , 
2017/10/18, 45, , , 
2017/10/19, 43, , , 
2017/10/20, 37, , , 
2017/10/21, 47, , , 
2017/10/22, 47, , , 
2017/10/23, 29, , , 
2017/10/24, 34, , , 
2017/10/25, 30, , , 
2017/10/26, 36, , , 
2017/10/27, 41, , , 
2017/10/28, 34, , , 
2017/10/29, 11, , , 
2017/10/30, 25, , , 
2017/10/31, 38, , , 
2017/11/1, 37, , , 
2017/11/2, 43, , , 
2017/11/3, 37, , , 
2017/11/4, 24, , , 
2017/11/5, 25, , , 
2017/11/6, 35, , , 
2017/11/7, 24, , , 
2017/11/8, 27, , , 
2017/11/9, 31, , , 
2017/11/10, 26, , , 
2017/11/11, 24, , , 
2017/11/12, 48, , , 
2017/11/13, 49, , , 
2017/11/14, 39, , , 
2017/11/15, 29, , , 
2017/11/16, 28, , , 
2017/11/17, 27, , , 
2017/11/18, 37, , , 
2017/11/19, 35, , , 
2017/11/20, 35, , , 
2017/11/21, 49, , , 
2017/11/22, 44, , , 
2017/11/23, 32, , , 
2017/11/24, 46, , , 
2017/11/25, 53, , , 
2017/11/26, 37, , , 
2017/11/27, 40, , , 
2017/11/28, 35, , , 
2017/11/29, 43, , , 
2017/11/30, 35, , , 
2017/12/1, 43, , , 
2017/12/2, 38, , , 
2017/12/3, 51, , , 
2017/12/4, 64, , , 
2017/12/5, 34, , , 
2017/12/6, 35, , , 
2017/12/7, 39, , , 
2017/12/8, 41, , , 
2017/12/9, 42, , , 
2017/12/10, 49, , , 
2017/12/11, 46, , , 
2017/12/12, 39, , , 
2017/12/13, 32, , , 
2017/12/14, 44, , , 
2017/12/15, 43, , , 
2017/12/16, 52, , , 
2017/12/17, 43, , , 
2017/12/18, 61, , , 
2017/12/19, 49, , , 
2017/12/20, 46, , , 
2017/12/21, 39, , , 
2017/12/22, 52, , , 
2017/12/23, 50, , , 
2017/12/24, 33, , , 
2017/12/25, 45, , , 
2017/12/26, 43, , , 
2017/12/27, 52, , , 
2017/12/28, 43, , , 
2017/12/29, 49, , , 
2017/12/30, 57, , , 
2017/12/31, 47, , , 
2017/7/1, 30, , , 
2017/7/2, 34, , , 
2017/7/3, 45, , , 
2017/7/4, 56, , , 
2017/7/5, 55, , , 
2017/7/6, 21, , , 
2017/7/7, 20, , , 
2017/7/8, 34, , , 
2017/7/9, 31, , , 
2017/7/10, 39, , , 
2017/7/11, 47, , , 
2017/7/12, 53, , , 
2017/7/13, 59, , , 
2017/7/14, 23, , , 
2017/7/15, 24, , , 
2017/7/16, 29, , , 
2017/7/17, 39, , , 
2017/7/18, 30, , , 
2017/7/19, 55, , , 
2017/7/20, 69, , , 
2017/7/21, 41, , , 
2017/7/22, 61, , , 
2017/7/23, 59, , , 
2017/7/24, 16, , , 
2017/7/25, 18, , , 
2017/7/26, 18, , , 
2017/7/27, 36, , , 
2017/7/28, 53, , , 
2017/7/29, 15, , , 
2017/7/30, 24, , , 
2017/7/31, 43, , , 
2017/8/1, 62, , , 
2017/8/2, 71, , , 
2017/8/3, 57, , , 
2017/8/4, 31, , , 
2017/8/5, 24, , , 
2017/8/6, 22, , , 
2017/8/7, 36, , , 
2017/8/8, 29, , , 
2017/8/9, 51, , , 
2017/8/10, 64, , , 
2017/8/11, 26, , , 
2017/8/12, 27, , , 
2017/8/13, 32, , , 
2017/8/14, 41, , , 
2017/8/15, 51, , , 
2017/8/16, 45, , , 
2017/8/17, 37, , , 
2017/8/18, 40, , , 
2017/8/19, 35, , , 
2017/8/20, 38, , , 
2017/8/21, 60, , , 
2017/8/22, 58, , , 
2017/8/23, 30, , , 
2017/8/24, 43, , , 
2017/8/25, 32, , , 
2017/8/26, 31, , , 
2017/8/27, 39, , , 
2017/8/28, 31, , , 
2017/8/29, 16, , , 
2017/8/30, 29, , , 
2017/8/31, 48, , , 
2017/9/1, 20, , , 
2017/9/2, 17, , , 
2017/9/3, 19, , , 
2017/9/4, 50, , , 
2017/9/5, 67, , , 
2017/9/9, 19, , , 
2017/9/10, 15, , , 
2017/9/11, 27, , , 
2017/9/12, 44, , , 
2017/9/13, 46, , , 
2017/9/14, 49, , , 
2017/9/15, 45, , , 
2017/9/16, 59, , , 
2017/9/17, 56, , , 
2017/9/18, 19, , , 
2017/9/19, 35, , , 
2017/9/20, 24, , , 
2017/9/21, 38, , , 
2017/9/22, 23, , , 
2017/9/23, 32, , , 
2017/9/24, 56, , , 
2017/9/25, 54, , , 
2017/9/26, 27, , , 
2017/9/27, 29, , , 
2017/9/28, 18, , , 
2017/9/29, 26, , , 
2017/9/30, 22, , , 
2017/4/1, 20, , , 
2017/4/2, 30, , , 
2017/4/3, 42, , , 
2017/4/4, 31, , , 
2017/4/5, 42, , , 
2017/4/6, 26, , , 
2017/4/7, 23, , , 
2017/4/8, 26, , , 
2017/4/9, 33, , , 
2017/4/10, 58, , , 
2017/4/11, 65, , , 
2017/4/12, 63, , , 
2017/4/13, 23, , , 
2017/4/14, 28, , , 
2017/4/15, 33, , , 
2017/4/16, 46, , , 
2017/4/17, 25, , , 
2017/4/18, 23, , , 
2017/4/19, 22, , , 
2017/4/20, 40, , , 
2017/4/21, 22, , , 
2017/4/22, 21, , , 
2017/4/23, 20, , , 
2017/4/24, 29, , , 
2017/4/25, 9, , , 
2017/4/26, 30, , , 
2017/4/27, 41, , , 
2017/4/28, 63, , , 
2017/4/29, 40, , , 
2017/4/30, 19, , , 
2017/5/1, 37, , , 
2017/5/2, 33, , , 
2017/5/3, 23, , , 
2017/5/4, 32, , , 
2017/5/5, 27, , , 
2017/5/6, 30, , , 
2017/5/7, 17, , , 
2017/5/8, 24, , , 
2017/5/9, 26, , , 
2017/5/10, 29, , , 
2017/5/11, 22, , , 
2017/5/12, 17, , , 
2017/5/13, 5, , , 
2017/5/14, 25, , , 
2017/5/15, 22, , , 
2017/5/16, 30, , , 
2017/5/17, 62, , , 
2017/5/18, 66, , , 
2017/5/19, 50, , , 
2017/5/20, 21, , , 
2017/5/21, 20, , , 
2017/5/22, 21, , , 
2017/5/23, 32, , , 
2017/5/24, 31, , , 
2017/5/25, 4, , , 
2017/5/26, 17, , , 
2017/5/27, 23, , , 
2017/5/28, 24, , , 
2017/5/29, 15, , , 
2017/5/30, 23, , , 
2017/5/31, 32, , , 
2017/6/1, 32, , , 
2017/6/2, 33, , , 
2017/6/3, 20, , , 
2017/6/4, 22, , , 
2017/6/5, 43, , , 
2017/6/6, 13, , , 
2017/6/7, 17, , , 
2017/6/8, 25, , , 
2017/6/9, 41, , , 
2017/6/10, 51, , , 
2017/6/11, 53, , , 
2017/6/12, 60, , , 
2017/6/13, 64, , , 
2017/6/14, 37, , , 
2017/6/15, 23, , , 
2017/6/16, 25, , , 
2017/6/17, 31, , , 
2017/6/18, 40, , , 
2017/6/19, 40, , , 
2017/6/20, 23, , , 
2017/6/21, 39, , , 
2017/6/22, 57, , , 
2017/6/23, 68, , , 
2017/6/24, 23, , , 
2017/6/25, 29, , , 
2017/6/26, 21, , , 
2017/6/27, 45, , , 
2017/6/28, 25, , , 
2017/6/29, 38, , , 
2017/6/30, 50, , , 
2017/1/2, 51, , , 
2017/1/3, 26, , , 
2017/1/4, 47, , , 
2017/1/5, 48, , , 
2017/1/6, 55, , , 
2017/1/7, 49, , , 
2017/1/8, 56, , , 
2017/1/9, 52, , , 
2017/1/10, 53, , , 
2017/1/11, 52, , , 
2017/1/12, 57, , , 
2017/1/13, 47, , , 
2017/1/14, 43, , , 
2017/1/15, 55, , , 
2017/1/16, 59, , , 
2017/1/17, 64, , , 
2017/1/18, 39, , , 
2017/1/19, 55, , , 
2017/1/20, 43, , , 
2017/1/21, 65, , , 
2017/1/22, 61, , , 
2017/1/23, 22, , , 
2017/1/24, 32, , , 
2017/1/25, 44, , , 
2017/1/26, 58, , , 
2017/1/27, 40, , , 
2017/1/29, 50, , , 
2017/1/30, 45, , , 
2017/1/31, 44, , , 
2017/2/1, 48, , , 
2017/2/2, 45, , , 
2017/2/3, 48, , , 
2017/2/4, 47, , , 
2017/2/5, 51, , , 
2017/2/6, 57, , , 
2017/2/7, 62, , , 
2017/2/8, 57, , , 
2017/2/9, 33, , , 
2017/2/10, 40, , , 
2017/2/11, 64, , , 
2017/2/12, 39, , , 
2017/2/13, 38, , , 
2017/2/14, 44, , , 
2017/2/15, 52, , , 
2017/2/16, 42, , , 
2017/2/17, 50, , , 
2017/2/18, 57, , , 
2017/2/19, 56, , , 
2017/2/20, 36, , , 
2017/2/21, 37, , , 
2017/2/22, 53, , , 
2017/2/23, 74, , , 
2017/2/24, 52, , , 
2017/2/25, 31, , , 
2017/2/26, 34, , , 
2017/2/27, 51, , , 
2017/2/28, 49, , , 
2017/3/1, 48, , , 
2017/3/2, 37, , , 
2017/3/3, 28, , , 
2017/3/4, 29, , , 
2017/3/5, 33, , , 
2017/3/6, 47, , , 
2017/3/7, 65, , , 
2017/3/8, 52, , , 
2017/3/9, 48, , , 
2017/3/10, 26, , , 
2017/3/11, 34, , , 
2017/3/12, 36, , , 
2017/3/13, 41, , , 
2017/3/14, 23, , , 
2017/3/15, 35, , , 
2017/3/16, 43, , , 
2017/3/17, 45, , , 
2017/3/18, 43, , , 
2017/3/19, 34, , , 
2017/3/20, 41, , , 
2017/3/21, 49, , , 
2017/3/22, 38, , , 
2017/3/23, 38, , , 
2017/3/24, 56, , , 
2017/3/25, 63, , , 
2017/3/26, 31, , , 
2017/3/27, 43, , , 
2017/3/28, 36, , , 
2017/3/29, 24, , , 
2017/3/30, 30, , , 
2017/3/31, 12, , , 
2016/10/1, 7, , , 
2016/10/2, 26, , , 
2016/10/3, 46, , , 
2016/10/4, 23, , , 
2016/10/5, 26, , , 
2016/10/6, 49, , , 
2016/10/7, 47, , , 
2016/10/8, 38, , , 
2016/10/9, 11, , , 
2016/10/10, 16, , , 
2016/10/11, 26, , , 
2016/10/12, 32, , , 
2016/10/13, 44, , , 
2016/10/14, 19, , , 
2016/10/15, 25, , 16, 1
2016/10/16, 35, , 27, 2
2016/10/17, 59, , 21, 2
2016/10/18, 64, , 14, 1
2016/10/19, 41, , 14, 1
2016/10/20, 36, , 19, 3
2016/10/21, 30, , 2, 
2016/10/22, 17, , , 
2016/10/23, 27, , , 
2016/10/24, 34, , , 
2016/10/25, 39, , , 
2016/10/26, 20, , , 
2016/10/27, 25, , , 
2016/10/28, 29, , , 
2016/10/29, 36, , , 
2016/10/30, 53, , , 
2016/10/31, 23, , , 
2016/11/1, 31, , , 
2016/11/2, 47, , , 
2016/11/3, 54, , , 
2016/11/4, 25, , , 
2016/11/5, 39, , , 
2016/11/6, 28, , , 
2016/11/7, 26, , , 
2016/11/8, 55, , , 
2016/11/9, 56, , , 
2016/11/10, 27, , , 
2016/11/11, 36, , , 
2016/11/12, 27, , , 
2016/11/13, 46, , , 
2016/11/14, 54, , , 
2016/11/15, 40, , , 
2016/11/16, 52, , , 
2016/11/17, 53, , , 
2016/11/18, 63, , , 
2016/11/19, 42, , , 
2016/11/20, 18, , , 
2016/11/21, 24, , , 
2016/11/22, 40, , , 
2016/11/23, 33, , , 
2016/11/24, 37, , , 
2016/11/25, 63, , , 
2016/11/26, 43, , , 
2016/11/27, 33, , , 
2016/11/28, 43, , , 
2016/11/29, 38, , , 
2016/11/30, 48, , , 
2016/12/1, 31, , , 
2016/12/2, 31, , , 
2016/12/3, 36, , , 
2016/12/4, 37, , , 
2016/12/5, 43, , , 
2016/12/6, 44, , , 
2016/12/7, 46, , , 
2016/12/8, 45, , , 
2016/12/9, 41, , , 
2016/12/10, 43, , , 
2016/12/11, 40, , , 
2016/12/12, 52, , , 
2016/12/13, 53, , , 
2016/12/14, 48, , , 
2016/12/15, 43, , , 
2016/12/16, 48, , , 
2016/12/17, 48, , , 
2016/12/18, 62, , , 
2016/12/19, 39, , , 
2016/12/20, 44, , , 
2016/12/21, 64, , , 
2016/12/22, 60, , , 
2016/12/23, 50, , , 
2016/12/24, 52, , , 
2016/12/25, 47, , , 
2016/12/26, 39, , , 
2016/12/27, 46, , , 
2016/12/28, 44, , , 
2016/12/29, 47, , , 
2016/12/30, 47, , , 
2016/12/31, 39, , , 
2017/1/1, 67, , , 
2016/7/1, 41, , , 
2016/7/2, 22, , , 
2016/7/3, 30, , , 
2016/7/4, 54, , , 
2016/7/5, 28, , , 
2016/7/6, 56, , , 
2016/7/7, 64, , , 
2016/7/8, 45, , , 
2016/7/9, 20, , , 
2016/7/10, 15, , , 
2016/7/11, 19, , , 
2016/7/12, 34, , , 
2016/7/13, 31, , , 
2016/7/14, 46, , , 
2016/7/15, 53, , , 
2016/7/16, 46, , , 
2016/7/17, 41, , , 
2016/7/18, 51, , , 
2016/7/19, 21, , , 
2016/7/20, 24, , , 
2016/7/21, 42, , , 
2016/7/22, 58, , , 
2016/7/23, 34, , , 
2016/7/24, 38, , , 
2016/7/25, 49, , , 
2016/7/26, 23, , , 
2016/7/27, 35, , , 
2016/7/28, 64, , , 
2016/7/29, 50, , , 
2016/7/30, 57, , , 
2016/7/31, 39, , , 
2016/8/1, 41, , , 
2016/8/2, 45, , , 
2016/8/3, 41, , , 
2016/8/4, 35, , , 
2016/8/5, 30, , , 
2016/8/6, 37, , , 
2016/8/7, 20, , , 
2016/8/8, 39, , , 
2016/8/9, 41, , , 
2016/8/10, 37, , , 
2016/8/11, 47, , , 
2016/8/12, 41, , , 
2016/8/13, 54, , , 
2016/8/14, 32, , , 
2016/8/15, 34, , , 
2016/8/16, 45, , , 
2016/8/17, 13, , , 
2016/8/18, 43, , , 
2016/8/19, 43, , , 
2016/8/20, 37, , , 
2016/8/21, 27, , , 
2016/8/22, 10, , , 
2016/8/23, 26, , , 
2016/8/24, 40, , , 
2016/8/25, 37, , , 
2016/8/26, 45, , , 
2016/8/27, 32, , , 
2016/8/28, 27, , , 
2016/8/29, 25, , , 
2016/8/30, 31, , , 
2016/8/31, 43, , , 
2016/9/1, 51, , , 
2016/9/2, 14, , , 
2016/9/3, 20, , , 
2016/9/4, 14, , , 
2016/9/5, 14, , , 
2016/9/6, 15, , , 
2016/9/7, 26, , , 
2016/9/8, 55, , , 
2016/9/9, 51, , , 
2016/9/10, 57, , , 
2016/9/11, 25, , , 
2016/9/12, 19, , , 
2016/9/13, 26, , , 
2016/9/14, 39, , , 
2016/9/15, 16, , , 
2016/9/16, 32, , , 
2016/9/17, 22, , , 
2016/9/18, 35, , , 
2016/9/19, 33, , , 
2016/9/20, 37, , , 
2016/9/21, 40, , , 
2016/9/22, 37, , , 
2016/9/23, 53, , , 
2016/9/24, 17, , , 
2016/9/25, 17, , , 
2016/9/26, 19, , , 
2016/9/27, 33, , , 
2016/9/28, 31, , , 
2016/9/29, 16, , , 
2016/9/30, 13, , , 
2016/4/1, 54, , , 
2016/4/2, 29, , , 
2016/4/3, 30, , , 
2016/4/4, 43, , , 
2016/4/5, 34, , , 
2016/4/6, 30, , , 
2016/4/7, 28, , , 
2016/4/8, 34, , , 
2016/4/9, 48, , , 
2016/4/10, 32, , , 
2016/4/11, 51, , , 
2016/4/12, 39, , , 
2016/4/13, 29, , , 
2016/4/14, 35, , , 
2016/4/15, 38, , , 
2016/4/16, 31, , , 
2016/4/17, 42, , , 
2016/4/18, 50, , , 
2016/4/19, 37, , , 
2016/4/20, 24, , , 
2016/4/21, 45, , , 
2016/4/22, 86, , , 
2016/4/23, 34, , , 
2016/4/24, 25, , , 
2016/4/25, 47, , , 
2016/4/26, 41, , , 
2016/4/27, 20, , , 
2016/4/28, 28, , , 
2016/4/29, 27, , , 
2016/4/30, 26, , , 
2016/5/1, 19, , , 
2016/5/2, 39, , , 
2016/5/3, 22, , , 
2016/5/4, 12, , , 
2016/5/5, 12, , , 
2016/5/6, 17, , , 
2016/5/7, 24, , , 
2016/5/8, 26, , , 
2016/5/9, 45, , , 
2016/5/10, 25, , , 
2016/5/11, 42, , , 
2016/5/12, 57, , , 
2016/5/13, 77, , , 
2016/5/14, 59, , , 
2016/5/15, 27, , , 
2016/5/16, 42, , , 
2016/5/17, 63, , , 
2016/5/18, 57, , , 
2016/5/19, 65, , , 
2016/5/20, 34, , , 
2016/5/21, 32, , , 
2016/5/22, 27, , , 
2016/5/23, 34, , , 
2016/5/24, 43, , , 
2016/5/25, 68, , , 
2016/5/26, 71, , , 
2016/5/27, 77, , , 
2016/5/28, 60, , , 
2016/5/29, 32, , , 
2016/5/30, 25, , , 
2016/5/31, 37, , , 
2016/6/1, 39, , , 
2016/6/2, 33, , , 
2016/6/3, 42, , , 
2016/6/4, 45, , , 
2016/6/5, 21, , , 
2016/6/6, 27, , , 
2016/6/7, 44, , , 
2016/6/8, 22, , , 
2016/6/9, 14, , , 
2016/6/10, 21, , , 
2016/6/11, 58, , , 
2016/6/12, 42, , , 
2016/6/13, 38, , , 
2016/6/14, 24, , , 
2016/6/15, 43, , , 
2016/6/16, 56, , , 
2016/6/17, 42, , , 
2016/6/18, 40, , , 
2016/6/19, 38, , , 
2016/6/20, 39, , , 
2016/6/21, 37, , , 
2016/6/22, 31, , , 
2016/6/23, 60, , , 
2016/6/24, 54, , , 
2016/6/25, 42, , , 
2016/6/26, 44, , , 
2016/6/27, 49, , , 
2016/6/28, 42, , , 
2016/6/29, 29, , , 
2016/6/30, 31, , , 
2016/1/4, 47, , , 
2016/1/5, 69, , , 
2016/1/6, 72, , , 
2016/1/7, 84, , , 
2016/1/8, 63, , , 
2016/1/9, 55, , , 
2016/1/10, 41, , , 
2016/1/11, 45, , , 
2016/1/12, 55, , , 
2016/1/13, 49, , , 
2016/1/14, 61, , , 
2016/1/15, 76, , , 
2016/1/16, 52, , , 
2016/1/17, 43, , , 
2016/1/18, 48, , , 
2016/1/19, 42, , , 
2016/1/20, 42, , , 
2016/1/21, 47, , , 
2016/1/22, 36, , , 
2016/1/23, 34, , , 
2016/1/24, 52, , , 
2016/1/25, 65, , , 
2016/1/26, 89, , , 
2016/1/27, 57, , , 
2016/1/28, 63, , , 
2016/1/29, 59, , , 
2016/1/30, 67, , , 
2016/1/31, 74, , , 
2016/2/1, 72, , , 
2016/2/2, 44, , , 
2016/2/3, 42, , , 
2016/2/4, 49, , , 
2016/2/5, 39, , , 
2016/2/6, 64, , , 
2016/2/7, 65, , , 
2016/2/8, 37, , , 
2016/2/9, 47, , , 
2016/2/10, 62, , , 
2016/2/11, 40, , , 
2016/2/12, 45, , , 
2016/2/13, 52, , , 
2016/2/14, 43, , , 
2016/2/15, 52, , , 
2016/2/16, 58, , , 
2016/2/17, 49, , , 
2016/2/18, 34, , , 
2016/2/19, 39, , , 
2016/2/20, 56, , , 
2016/2/21, 50, , , 
2016/2/22, 39, , , 
2016/2/23, 29, , , 
2016/2/24, 26, , , 
2016/2/25, 43, , , 
2016/2/26, 36, , , 
2016/2/27, 47, , , 
2016/2/28, 66, , , 
2016/2/29, 52, , , 
2016/3/1, 40, , , 
2016/3/2, 51, , , 
2016/3/3, 34, , , 
2016/3/4, 40, , , 
2016/3/5, 40, , , 
2016/3/6, 48, , , 
2016/3/7, 65, , , 
2016/3/8, 83, , , 
2016/3/9, 80, , , 
2016/3/10, 73, , , 
2016/3/11, 26, , , 
2016/3/12, 25, , , 
2016/3/13, 40, , , 
2016/3/14, 21, , , 
2016/3/15, 37, , , 
2016/3/16, 49, , , 
2016/3/17, 33, , , 
2016/3/18, 39, , , 
2016/3/19, 26, , , 
2016/3/20, 22, , , 
2016/3/21, 30, , , 
2016/3/22, 34, , , 
2016/3/23, 56, , , 
2016/3/24, 50, , , 
2016/3/25, 56, , , 
2016/3/26, 26, , , 
2016/3/27, 25, , , 
2016/3/28, 23, , , 
2016/3/29, 25, , , 
2016/3/30, 35, , , 
2016/3/31, 54, , , 
2015/10/1, 15, , , 
2015/10/2, 9, , , 
2015/10/3, 7, , , 
2015/10/4, 16, , , 
2015/10/5, 36, , , 
2015/10/6, 45, , , 
2015/10/7, 35, , , 
2015/10/8, 42, , , 
2015/10/9, 43, , , 
2015/10/10, 21, , , 
2015/10/11, 32, , , 
2015/10/12, 49, , , 
2015/10/13, 41, , , 
2015/10/14, 28, , , 
2015/10/15, 29, , , 
2015/10/16, 35, , , 
2015/10/17, 26, , , 
2015/10/18, 23, , , 
2015/10/19, 30, , , 
2015/10/20, 43, , , 
2015/10/21, 65, , , 
2015/10/22, 63, , , 
2015/10/23, 30, , , 
2015/10/24, 25, , , 
2015/10/25, 26, , , 
2015/10/26, 50, , , 
2015/10/27, 33, , , 
2015/10/28, 18, , , 
2015/10/29, 44, , , 
2015/10/30, 37, , , 
2015/10/31, 32, , , 
2015/11/1, 47, , , 
2015/11/2, 53, , , 
2015/11/3, 70, , , 
2015/11/4, 71, , , 
2015/11/5, 68, , , 
2015/11/6, 51, , , 
2015/11/7, 34, , , 
2015/11/8, 32, , , 
2015/11/9, 54, , , 
2015/11/10, 31, , , 
2015/11/11, 25, , , 
2015/11/12, 27, , , 
2015/11/13, 26, , , 
2015/11/14, 35, , , 
2015/11/15, 37, , , 
2015/11/16, 55, , , 
2015/11/17, 39, , , 
2015/11/18, 30, , , 
2015/11/19, 29, , , 
2015/11/20, 35, , , 
2015/11/21, 34, , , 
2015/11/22, 33, , , 
2015/11/23, 42, , , 
2015/11/24, 53, , , 
2015/11/25, 60, , , 
2015/11/26, 60, , , 
2015/11/27, 46, , , 
2015/11/28, 43, , , 
2015/11/29, 31, , , 
2015/11/30, 46, , , 
2015/12/1, 35, , , 
2015/12/2, 63, , , 
2015/12/3, 41, , , 
2015/12/4, 46, , , 
2015/12/5, 55, , , 
2015/12/6, 68, , , 
2015/12/7, 72, , , 
2015/12/8, 57, , , 
2015/12/9, 67, , , 
2015/12/10, 69, , , 
2015/12/11, 74, , , 
2015/12/12, 84, , , 
2015/12/13, 76, , , 
2015/12/14, 46, , , 
2015/12/15, 27, , , 
2015/12/16, 30, , , 
2015/12/17, 43, , , 
2015/12/18, 40, , , 
2015/12/19, 39, , , 
2015/12/20, 42, , , 
2015/12/21, 46, , , 
2015/12/22, 55, , , 
2015/12/23, 56, , , 
2015/12/24, 53, , , 
2015/12/25, 70, , , 
2015/12/26, 30, , , 
2015/12/27, 43, , , 
2015/12/28, 31, , , 
2015/12/29, 38, , , 
2015/12/30, 51, , , 
2015/12/31, 45, , , 
2016/1/2, 63, , , 
2016/1/3, 73, , , 
2015/7/1, 61, , , 
2015/7/2, 54, , , 
2015/7/3, 36, , , 
2015/7/4, 48, , , 
2015/7/5, 62, , , 
2015/7/6, 51, , , 
2015/7/7, 63, , , 
2015/7/8, 84, , , 
2015/7/9, 57, , , 
2015/7/10, 37, , , 
2015/7/11, 55, , , 
2015/7/12, 57, , , 
2015/7/13, 62, , , 
2015/7/14, 48, , , 
2015/7/15, 45, , , 
2015/7/16, 26, , , 
2015/7/17, 30, , , 
2015/7/18, 43, , , 
2015/7/19, 64, , , 
2015/7/20, 63, , , 
2015/7/21, 57, , , 
2015/7/22, 17, , , 
2015/7/23, 22, , , 
2015/7/24, 32, , , 
2015/7/25, 49, , , 
2015/7/26, 45, , , 
2015/7/27, 44, , , 
2015/7/28, 59, , , 
2015/7/29, 70, , , 
2015/7/30, 58, , , 
2015/7/31, 33, , , 
2015/8/1, 39, , , 
2015/8/2, 32, , , 
2015/8/3, 54, , , 
2015/8/4, 47, , , 
2015/8/5, 43, , , 
2015/8/6, 22, , , 
2015/8/7, 24, , , 
2015/8/8, 21, , , 
2015/8/9, 26, , , 
2015/8/10, 19, , , 
2015/8/11, 31, , , 
2015/8/12, 37, , , 
2015/8/13, 17, , , 
2015/8/14, 43, , , 
2015/8/15, 59, , , 
2015/8/16, 63, , , 
2015/8/17, 65, , , 
2015/8/18, 53, , , 
2015/8/19, 25, , , 
2015/8/20, 17, , , 
2015/8/21, 31, , , 
2015/8/22, 21, , , 
2015/8/23, 29, , , 
2015/8/24, 39, , , 
2015/8/25, 53, , , 
2015/8/26, 31, , , 
2015/8/27, 26, , , 
2015/8/28, 23, , , 
2015/8/29, 46, , , 
2015/8/30, 55, , , 
2015/8/31, 68, , , 
2015/9/1, 72, , , 
2015/9/2, 83, , , 
2015/9/3, 94, , , 
2015/9/4, 67, , , 
2015/9/5, 20, , , 
2015/9/6, 25, , , 
2015/9/7, 43, , , 
2015/9/8, 56, , , 
2015/9/9, 35, , , 
2015/9/10, 29, , , 
2015/9/11, 24, , , 
2015/9/12, 33, , , 
2015/9/13, 19, , , 
2015/9/14, 22, , , 
2015/9/15, 43, , , 
2015/9/16, 58, , , 
2015/9/17, 59, , , 
2015/9/18, 65, , , 
2015/9/19, 42, , , 
2015/9/20, 14, , , 
2015/9/21, 14, , , 
2015/9/22, 24, , , 
2015/9/23, 29, , , 
2015/9/24, 39, , , 
2015/9/25, 28, , , 
2015/9/26, 23, , , 
2015/9/27, 21, , , 
2015/9/28, 35, , , 
2015/9/29, 37, , , 
2015/9/30, 15, , , 
2015/4/1, 36, , , 
2015/4/2, 55, , , 
2015/4/3, 58, , , 
2015/4/4, 35, , , 
2015/4/5, 40, , , 
2015/4/6, 54, , , 
2015/4/7, 53, , , 
2015/4/8, 26, , , 
2015/4/9, 17, , , 
2015/4/10, 43, , , 
2015/4/11, 33, , , 
2015/4/12, 38, , , 
2015/4/13, 48, , , 
2015/4/14, 40, , , 
2015/4/15, 30, , , 
2015/4/16, 28, , , 
2015/4/17, 48, , , 
2015/4/18, 49, , , 
2015/4/19, 22, , , 
2015/4/20, 26, , , 
2015/4/21, 34, , , 
2015/4/22, 44, , , 
2015/4/23, 21, , , 
2015/4/24, 21, , , 
2015/4/25, 24, , , 
2015/4/26, 21, , , 
2015/4/27, 21, , , 
2015/4/28, 24, , , 
2015/4/29, 28, , , 
2015/4/30, 19, , , 
2015/5/1, 23, , , 
2015/5/2, 36, , , 
2015/5/3, 43, , , 
2015/5/4, 67, , , 
2015/5/5, 63, , , 
2015/5/6, 41, , , 
2015/5/7, 54, , , 
2015/5/8, 57, , , 
2015/5/9, 51, , , 
2015/5/10, 53, , , 
2015/5/11, 78, , , 
2015/5/12, 61, , , 
2015/5/13, 36, , , 
2015/5/14, 29, , , 
2015/5/15, 50, , , 
2015/5/16, 55, , , 
2015/5/17, 62, , , 
2015/5/18, 48, , , 
2015/5/19, 54, , , 
2015/5/20, 22, , , 
2015/5/21, 26, , , 
2015/5/22, 37, , , 
2015/5/23, 27, , , 
2015/5/24, 52, , , 
2015/5/25, 60, , , 
2015/5/26, 48, , , 
2015/5/27, 52, , , 
2015/5/28, 60, , , 
2015/5/29, 30, , , 
2015/5/30, 39, , , 
2015/5/31, 43, , , 
2015/6/1, 6, , , 
2015/6/2, 13, , , 
2015/6/3, 24, , , 
2015/6/4, 17, , , 
2015/6/5, 33, , , 
2015/6/6, 45, , , 
2015/6/7, 31, , , 
2015/6/8, 42, , , 
2015/6/9, 43, , , 
2015/6/10, 48, , , 
2015/6/11, 91, , , 
2015/6/12, 78, , , 
2015/6/13, 33, , , 
2015/6/14, 42, , , 
2015/6/15, 32, , , 
2015/6/16, 44, , , 
2015/6/17, 34, , , 
2015/6/18, 20, , , 
2015/6/19, 42, , , 
2015/6/20, 32, , , 
2015/6/21, 35, , , 
2015/6/22, 44, , , 
2015/6/23, 67, , , 
2015/6/24, 18, , , 
2015/6/25, 34, , , 
2015/6/26, 44, , , 
2015/6/27, 15, , , 
2015/6/28, 17, , , 
2015/6/29, 15, , , 
2015/6/30, 39, , , 
2015/1/1, 62, , , 
2015/1/2, 66, , , 
2015/1/3, 50, , , 
2015/1/4, 53, , , 
2015/1/5, 53, , , 
2015/1/6, 62, , , 
2015/1/7, 60, , , 
2015/1/8, 57, , , 
2015/1/9, 55, , , 
2015/1/10, 60, , , 
2015/1/11, 60, , , 
2015/1/12, 69, , , 
2015/1/13, 55, , , 
2015/1/14, 64, , , 
2015/1/15, 66, , , 
2015/1/16, 66, , , 
2015/1/17, 51, , , 
2015/1/18, 80, , , 
2015/1/19, 49, , , 
2015/1/20, 47, , , 
2015/1/21, 59, , , 
2015/1/22, 63, , , 
2015/1/23, 61, , , 
2015/1/24, 63, , , 
2015/1/25, 50, , , 
2015/1/26, 42, , , 
2015/1/27, 45, , , 
2015/1/28, 55, , , 
2015/1/29, 51, , , 
2015/1/30, 51, , , 
2015/1/31, 57, , , 
2015/2/1, 60, , , 
2015/2/2, 45, , , 
2015/2/3, 53, , , 
2015/2/4, 75, , , 
2015/2/5, 52, , , 
2015/2/6, 53, , , 
2015/2/7, 72, , , 
2015/2/8, 73, , , 
2015/2/9, 48, , , 
2015/2/10, 49, , , 
2015/2/11, 56, , , 
2015/2/12, 59, , , 
2015/2/13, 59, , , 
2015/2/14, 57, , , 
2015/2/15, 60, , , 
2015/2/16, 51, , , 
2015/2/17, 59, , , 
2015/2/18, 74, , , 
2015/2/19, 63, , , 
2015/2/20, 62, , , 
2015/2/21, 60, , , 
2015/2/22, 72, , , 
2015/2/23, 52, , , 
2015/2/24, 50, , , 
2015/2/25, 63, , , 
2015/2/26, 56, , , 
2015/2/27, 57, , , 
2015/2/28, 56, , , 
2015/3/1, 57, , , 
2015/3/2, 65, , , 
2015/3/3, 48, , , 
2015/3/4, 90, , , 
2015/3/5, 55, , , 
2015/3/6, 52, , , 
2015/3/7, 71, , , 
2015/3/8, 70, , , 
2015/3/9, 61, , , 
2015/3/10, 85, , , 
2015/3/11, 58, , , 
2015/3/12, 37, , , 
2015/3/13, 32, , , 
2015/3/14, 39, , , 
2015/3/15, 34, , , 
2015/3/16, 53, , , 
2015/3/17, 51, , , 
2015/3/18, 34, , , 
2015/3/19, 39, , , 
2015/3/20, 40, , , 
2015/3/21, 56, , , 
2015/3/22, 40, , , 
2015/3/23, 40, , , 
2015/3/24, 47, , , 
2015/3/25, 57, , , 
2015/3/26, 61, , , 
2015/3/27, 28, , , 
2015/3/28, 31, , , 
2015/3/29, 30, , , 
2015/3/30, 38, , , 
2015/3/31, 30, , , 
2014/10/1, 17, , , 
2014/10/2, 22, , , 
2014/10/3, 35, , , 
2014/10/4, 25, , , 
2014/10/5, 26, , , 
2014/10/6, 42, , , 
2014/10/7, 35, , , 
2014/10/8, 29, , , 
2014/10/9, 31, , , 
2014/10/10, 32, , , 
2014/10/11, 35, , , 
2014/10/12, 29, , , 
2014/10/13, 39, , , 
2014/10/14, 29, , , 
2014/10/15, 27, , , 
2014/10/16, 30, , , 
2014/10/17, 41, , , 
2014/10/18, 32, , , 
2014/10/19, 20, , , 
2014/10/20, 33, , , 
2014/10/21, 46, , , 
2014/10/22, 21, , , 
2014/10/23, 18, , , 
2014/10/24, 28, , , 
2014/10/25, 43, , , 
2014/10/26, 32, , , 
2014/10/27, 36, , , 
2014/10/28, 64, , , 
2014/10/29, 52, , , 
2014/10/30, 36, , , 
2014/10/31, 30, , , 
2014/11/1, 24, , , 
2014/11/2, 23, , , 
2014/11/3, 38, , , 
2014/11/4, 49, , , 
2014/11/5, 50, , , 
2014/11/6, 47, , , 
2014/11/7, 31, , , 
2014/11/8, 27, , , 
2014/11/9, 48, , , 
2014/11/10, 69, , , 
2014/11/11, 63, , , 
2014/11/12, 46, , , 
2014/11/13, 38, , , 
2014/11/14, 34, , , 
2014/11/15, 37, , , 
2014/11/16, 46, , , 
2014/11/17, 52, , , 
2014/11/18, 41, , , 
2014/11/19, 36, , , 
2014/11/20, 47, , , 
2014/11/21, 46, , , 
2014/11/22, 52, , , 
2014/11/23, 62, , , 
2014/11/24, 46, , , 
2014/11/25, 44, , , 
2014/11/26, 33, , , 
2014/11/27, 31, , , 
2014/11/28, 34, , , 
2014/11/29, 43, , , 
2014/11/30, 60, , , 
2014/12/1, 59, , , 
2014/12/2, 34, , , 
2014/12/3, 46, , , 
2014/12/4, 49, , , 
2014/12/5, 51, , , 
2014/12/6, 53, , , 
2014/12/7, 35, , , 
2014/12/8, 48, , , 
2014/12/9, 25, , , 
2014/12/10, 34, , , 
2014/12/11, 44, , , 
2014/12/12, 46, , , 
2014/12/13, 49, , , 
2014/12/14, 49, , , 
2014/12/15, 49, , , 
2014/12/16, 64, , , 
2014/12/17, 44, , , 
2014/12/18, 38, , , 
2014/12/19, 49, , , 
2014/12/20, 43, , , 
2014/12/21, 55, , , 
2014/12/22, 52, , , 
2014/12/23, 39, , , 
2014/12/24, 40, , , 
2014/12/25, 40, , , 
2014/12/26, 49, , , 
2014/12/27, 61, , , 
2014/12/28, 60, , , 
2014/7/1, 38, , , 
2014/7/2, 46, , , 
2014/7/3, 53, , , 
2014/7/4, 26, , , 
2014/7/5, 15, , , 
2014/7/6, 35, , , 
2014/7/7, 64, , , 
2014/7/8, 63, , , 
2014/7/9, 42, , , 
2014/7/10, 42, , , 
2014/7/11, 43, , , 
2014/7/12, 46, , , 
2014/7/13, 35, , , 
2014/7/14, 43, , , 
2014/7/15, 43, , , 
2014/7/16, 34, , , 
2014/7/17, 35, , , 
2014/7/18, 34, , , 
2014/7/19, 43, , , 
2014/7/20, 31, , , 
2014/7/21, 48, , , 
2014/7/22, 47, , , 
2014/7/23, 45, , , 
2014/7/24, 28, , , 
2014/7/25, 38, , , 
2014/7/26, 49, , , 
2014/7/27, 48, , , 
2014/7/28, 19, , , 
2014/7/29, 18, , , 
2014/7/30, 27, , , 
2014/7/31, 60, , , 
2014/8/1, 62, , , 
2014/8/2, 42, , , 
2014/8/3, 46, , , 
2014/8/4, 39, , , 
2014/8/5, 54, , , 
2014/8/6, 39, , , 
2014/8/7, 33, , , 
2014/8/8, 33, , , 
2014/8/9, 35, , , 
2014/8/10, 44, , , 
2014/8/11, 48, , , 
2014/8/12, 22, , , 
2014/8/13, 20, , , 
2014/8/14, 23, , , 
2014/8/15, 21, , , 
2014/8/16, 46, , , 
2014/8/17, 48, , , 
2014/8/18, 19, , , 
2014/8/19, 36, , , 
2014/8/20, 32, , , 
2014/8/21, 35, , , 
2014/8/22, 27, , , 
2014/8/23, 19, , , 
2014/8/24, 23, , , 
2014/8/25, 46, , , 
2014/8/26, 51, , , 
2014/8/27, 55, , , 
2014/8/28, 28, , , 
2014/8/29, 20, , , 
2014/8/30, 22, , , 
2014/8/31, 48, , , 
2014/9/1, 43, , , 
2014/9/2, 57, , , 
2014/9/3, 28, , , 
2014/9/4, 49, , , 
2014/9/5, 50, , , 
2014/9/6, 53, , , 
2014/9/7, 23, , , 
2014/9/8, 32, , , 
2014/9/9, 16, , , 
2014/9/10, 26, , , 
2014/9/11, 34, , , 
2014/9/12, 13, , , 
2014/9/13, 16, , , 
2014/9/14, 17, , , 
2014/9/15, 21, , , 
2014/9/16, 37, , , 
2014/9/17, 31, , , 
2014/9/18, 44, , , 
2014/9/19, 38, , , 
2014/9/20, 44, , , 
2014/9/21, 49, , , 
2014/9/22, 22, , , 
2014/9/23, 38, , , 
2014/9/24, 34, , , 
2014/9/25, 19, , , 
2014/9/26, 39, , , 
2014/9/27, 51, , , 
2014/9/28, 66, , , 
2014/9/29, 67, , , 
2014/9/30, 41, , , 
2014/4/1, 30, , , 
2014/4/2, 53, , , 
2014/4/3, 56, , , 
2014/4/4, 36, , , 
2014/4/5, 37, , , 
2014/4/6, 32, , , 
2014/4/7, 79, , , 
2014/4/8, 44, , , 
2014/4/9, 34, , , 
2014/4/10, 39, , , 
2014/4/11, 59, , , 
2014/4/12, 41, , , 
2014/4/13, 56, , , 
2014/4/14, 44, , , 
2014/4/15, 24, , , 
2014/4/16, 28, , , 
2014/4/17, 36, , , 
2014/4/18, 42, , , 
2014/4/19, 46, , , 
2014/4/20, 35, , , 
2014/4/21, 52, , , 
2014/4/22, 54, , , 
2014/4/23, 26, , , 
2014/4/24, 22, , , 
2014/4/25, 39, , , 
2014/4/26, 51, , , 
2014/4/27, 32, , , 
2014/4/28, 64, , , 
2014/4/29, 47, , , 
2014/4/30, 21, , , 
2014/5/1, 46, , , 
2014/5/2, 44, , , 
2014/5/3, 46, , , 
2014/5/4, 22, , , 
2014/5/5, 17, , , 
2014/5/6, 26, , , 
2014/5/7, 27, , , 
2014/5/8, 48, , , 
2014/5/9, 44, , , 
2014/5/10, 46, , , 
2014/5/11, 34, , , 
2014/5/12, 71, , , 
2014/5/13, 43, , , 
2014/5/14, 35, , , 
2014/5/15, 40, , , 
2014/5/16, 35, , , 
2014/5/17, 25, , , 
2014/5/18, 29, , , 
2014/5/19, 33, , , 
2014/5/20, 37, , , 
2014/5/21, 55, , , 
2014/5/22, 62, , , 
2014/5/23, 44, , , 
2014/5/24, 22, , , 
2014/5/25, 36, , , 
2014/5/26, 46, , , 
2014/5/27, 62, , , 
2014/5/28, 19, , , 
2014/5/29, 17, , , 
2014/5/30, 38, , , 
2014/5/31, 22, , , 
2014/6/1, 25, , , 
2014/6/2, 40, , , 
2014/6/3, 59, , , 
2014/6/4, 56, , , 
2014/6/5, 28, , , 
2014/6/6, 21, , , 
2014/6/7, 22, , , 
2014/6/8, 40, , , 
2014/6/9, 46, , , 
2014/6/10, 54, , , 
2014/6/11, 24, , , 
2014/6/12, 35, , , 
2014/6/13, 28, , , 
2014/6/14, 29, , , 
2014/6/15, 25, , , 
2014/6/16, 43, , , 
2014/6/17, 70, , , 
2014/6/18, 43, , , 
2014/6/19, 38, , , 
2014/6/20, 23, , , 
2014/6/21, 19, , , 
2014/6/22, 34, , , 
2014/6/23, 34, , , 
2014/6/24, 23, , , 
2014/6/25, 38, , , 
2014/6/26, 22, , , 
2014/6/27, 24, , , 
2014/6/28, 35, , , 
2014/6/29, 24, , , 
2014/6/30, 31, , , 
2014/1/1, 57, , , 
2014/1/2, 46, , , 
2014/1/3, 55, , , 
2014/1/4, 56, , , 
2014/1/5, 68, , , 
2014/1/6, 38, , , 
2014/1/7, 53, , , 
2014/1/8, 59, , , 
2014/1/9, 68, , , 
2014/1/10, 107, , , 
2014/1/11, 57, , , 
2014/1/12, 57, , , 
2014/1/13, 67, , , 
2014/1/14, 62, , , 
2014/1/15, 95, , , 
2014/1/16, 55, , , 
2014/1/17, 69, , , 
2014/1/18, 72, , , 
2014/1/19, 54, , , 
2014/1/20, 55, , , 
2014/1/21, 39, , , 
2014/1/22, 45, , , 
2014/1/23, 90, , , 
2014/1/24, 70, , , 
2014/1/25, 103, , , 
2014/1/26, 55, , , 
2014/1/27, 71, , , 
2014/1/28, 49, , , 
2014/1/29, 57, , , 
2014/1/30, 60, , , 
2014/1/31, 67, , , 
2014/2/1, 81, , , 
2014/2/2, 79, , , 
2014/2/3, 64, , , 
2014/2/4, 61, , , 
2014/2/5, 56, , , 
2014/2/6, 56, , , 
2014/2/7, 62, , , 
2014/2/8, 56, , , 
2014/2/9, 56, , , 
2014/2/10, 71, , , 
2014/2/11, 60, , , 
2014/2/12, 54, , , 
2014/2/13, 31, , , 
2014/2/14, 64, , , 
2014/2/15, 76, , , 
2014/2/16, 56, , , 
2014/2/17, 52, , , 
2014/2/18, 72, , , 
2014/2/19, 101, , , 
2014/2/20, 65, , , 
2014/2/21, 55, , , 
2014/2/22, 55, , , 
2014/2/23, 49, , , 
2014/2/24, 41, , , 
2014/2/25, 49, , , 
2014/2/26, 52, , , 
2014/2/27, 56, , , 
2014/2/28, 51, , , 
2014/3/1, 51, , , 
2014/3/2, 60, , , 
2014/3/3, 48, , , 
2014/3/4, 58, , , 
2014/3/5, 59, , , 
2014/3/6, 45, , , 
2014/3/7, 42, , , 
2014/3/8, 66, , , 
2014/3/9, 53, , , 
2014/3/10, 65, , , 
2014/3/11, 68, , , 
2014/3/12, 77, , , 
2014/3/13, 36, , , 
2014/3/14, 39, , , 
2014/3/15, 45, , , 
2014/3/16, 31, , , 
2014/3/17, 33, , , 
2014/3/18, 45, , , 
2014/3/19, 36, , , 
2014/3/20, 42, , , 
2014/3/21, 48, , , 
2014/3/22, 50, , , 
2014/3/23, 38, , , 
2014/3/24, 33, , , 
2014/3/25, 40, , , 
2014/3/26, 43, , , 
2014/3/27, 42, , , 
2014/3/28, 64, , , 
2014/3/29, 32, , , 
2014/3/30, 18, , , 
2014/3/31, 28, , , 
2022/11/16, , 14, 14, 2
2022/8/14, , 48, 12, 1
2022/7/20, , 51, , 2
2022/4/1, , 28, , 
2022/4/2, , 31, , 
2022/4/3, , 28, , 
2022/4/4, , 30, , 
2022/4/5, , 30, 11, 2
2022/3/2, , 29, , 
2022/3/3, , 25, 14, 2
2020/3/31, , , 8, 
2019/11/3, , , 19, 